design_id,ra,dec,pa,obs
1,0.0,-20.0,0.0,LCO
2,0.0,-20.0,0.0,LCO
3,0.0,0.0,0.0,APO
4,0.0,-20.0,0.0,LCO
5,0.0,20.0,0.0,APO
6,0.0,-20.0,0.0,LCO
7,0.0,-60.0,0.0,LCO
8,15.0,0.0,0.0,APO
9,15.0,0.0,0.0,APO
10,15.0,20.0,0.0,APO
11,15.0,-20.0,0.0,LCO
12,15.0,-60.0,0.0,LCO
13,0.0,0.0,0.0,APO
14,0.0,20.0,0.0,APO
15,0.0,-60.0,0.0,LCO
16,15.0,-20.0,0.0,LCO
17,15.0,20.0,0.0,APO
18,15.0,-60.0,0.0,LCO
19,30.0,0.0,0.0,APO
20,30.0,0.0,0.0,APO
21,30.0,-20.0,0.0,LCO
22,30.0,20.0,0.0,APO
23,30.0,-20.0,0.0,LCO
24,30.0,20.0,0.0,APO
25,30.0,-60.0,0.0,LCO
26,30.0,-60.0,0.0,LCO
27,45.0,0.0,0.0,APO
28,45.0,0.0,0.0,APO
29,45.0,-20.0,0.0,LCO
30,45.0,20.0,0.0,APO
31,45.0,-20.0,0.0,LCO
32,45.0,20.0,0.0,APO
33,45.0,-60.0,0.0,LCO
34,45.0,-60.0,0.0,LCO
35,60.0,0.0,0.0,APO
36,60.0,0.0,0.0,APO
37,60.0,-20.0,0.0,LCO
38,60.0,20.0,0.0,APO
39,60.0,-20.0,0.0,LCO
40,60.0,20.0,0.0,APO
41,60.0,-60.0,0.0,LCO
42,60.0,-60.0,0.0,LCO
43,75.0,0.0,0.0,APO
44,75.0,0.0,0.0,APO
45,75.0,-20.0,0.0,LCO
46,75.0,20.0,0.0,APO
47,75.0,-20.0,0.0,LCO
48,75.0,20.0,0.0,APO
49,75.0,-60.0,0.0,LCO
50,75.0,-60.0,0.0,LCO
51,90.0,-20.0,0.0,LCO
52,90.0,-20.0,0.0,LCO
53,90.0,-60.0,0.0,LCO
54,90.0,60.0,0.0,APO
55,90.0,-60.0,0.0,LCO
56,90.0,60.0,0.0,APO
57,105.0,-60.0,0.0,LCO
58,105.0,60.0,0.0,APO
59,105.0,-60.0,0.0,LCO
60,105.0,60.0,0.0,APO
61,120.0,0.0,0.0,APO
62,120.0,0.0,0.0,APO
63,120.0,20.0,0.0,APO
64,120.0,20.0,0.0,APO
65,120.0,60.0,0.0,APO
66,120.0,60.0,0.0,APO
67,135.0,0.0,0.0,APO
68,135.0,0.0,0.0,APO
69,135.0,-20.0,0.0,LCO
70,135.0,20.0,0.0,APO
71,135.0,-20.0,0.0,LCO
72,135.0,20.0,0.0,APO
73,135.0,60.0,0.0,APO
74,135.0,60.0,0.0,APO
75,150.0,0.0,0.0,APO
76,150.0,0.0,0.0,APO
77,150.0,-20.0,0.0,LCO
78,150.0,20.0,0.0,APO
79,150.0,-20.0,0.0,LCO
80,150.0,20.0,0.0,APO
81,150.0,60.0,0.0,APO
82,150.0,60.0,0.0,APO
83,165.0,0.0,0.0,APO
84,165.0,0.0,0.0,APO
85,165.0,-20.0,0.0,LCO
86,165.0,20.0,0.0,APO
87,165.0,-20.0,0.0,LCO
88,165.0,20.0,0.0,APO
89,165.0,60.0,0.0,APO
90,165.0,60.0,0.0,APO
91,180.0,0.0,0.0,APO
92,180.0,0.0,0.0,APO
93,180.0,-20.0,0.0,LCO
94,180.0,20.0,0.0,APO
95,180.0,-20.0,0.0,LCO
96,180.0,20.0,0.0,APO
97,180.0,60.0,0.0,APO
98,180.0,60.0,0.0,APO
99,195.0,0.0,0.0,APO
100,195.0,0.0,0.0,APO
101,195.0,-20.0,0.0,LCO
102,195.0,20.0,0.0,APO
103,195.0,-20.0,0.0,LCO
104,195.0,20.0,0.0,APO
105,195.0,60.0,0.0,APO
106,195.0,60.0,0.0,APO
107,210.0,0.0,0.0,APO
108,210.0,0.0,0.0,APO
109,210.0,-20.0,0.0,LCO
110,210.0,20.0,0.0,APO
111,210.0,-20.0,0.0,LCO
112,210.0,20.0,0.0,APO
113,210.0,60.0,0.0,APO
114,210.0,60.0,0.0,APO
115,225.0,0.0,0.0,APO
116,225.0,0.0,0.0,APO
117,225.0,-20.0,0.0,LCO
118,225.0,20.0,0.0,APO
119,225.0,-20.0,0.0,LCO
120,225.0,20.0,0.0,APO
121,225.0,60.0,0.0,APO
122,225.0,60.0,0.0,APO
123,240.0,0.0,0.0,APO
124,240.0,0.0,0.0,APO
125,240.0,20.0,0.0,APO
126,240.0,20.0,0.0,APO
127,240.0,60.0,0.0,APO
128,240.0,60.0,0.0,APO
129,255.0,20.0,0.0,APO
130,255.0,20.0,0.0,APO
131,255.0,60.0,0.0,APO
132,255.0,60.0,0.0,APO
133,270.0,60.0,0.0,APO
134,270.0,60.0,0.0,APO
135,285.0,60.0,0.0,APO
136,285.0,60.0,0.0,APO
137,300.0,-60.0,0.0,LCO
138,300.0,-60.0,0.0,LCO
139,315.0,0.0,0.0,APO
140,315.0,0.0,0.0,APO
141,315.0,-20.0,0.0,LCO
142,315.0,-20.0,0.0,LCO
143,315.0,-60.0,0.0,LCO
144,315.0,-60.0,0.0,LCO
145,330.0,0.0,0.0,APO
146,330.0,0.0,0.0,APO
147,330.0,-20.0,0.0,LCO
148,330.0,20.0,0.0,APO
149,330.0,20.0,0.0,APO
150,330.0,-20.0,0.0,LCO
151,330.0,-60.0,0.0,LCO
152,330.0,-60.0,0.0,LCO
153,345.0,0.0,0.0,APO
154,345.0,0.0,0.0,APO
155,345.0,-20.0,0.0,LCO
156,345.0,20.0,0.0,APO
157,345.0,-20.0,0.0,LCO
158,345.0,20.0,0.0,APO
159,345.0,-60.0,0.0,LCO
160,345.0,-60.0,0.0,LCO
35871,0.0,0.0,0.0,APO
35872,0.0,0.0,0.0,APO
35873,0.0,20.0,0.0,APO
35874,0.0,20.0,0.0,APO
35875,0.0,40.0,0.0,APO
35876,0.0,40.0,0.0,APO
35877,0.0,60.0,0.0,APO
35878,0.0,60.0,0.0,APO
35879,15.0,0.0,0.0,APO
35880,15.0,0.0,0.0,APO
35881,15.0,20.0,0.0,APO
35882,15.0,20.0,0.0,APO
35883,15.0,40.0,0.0,APO
35884,15.0,40.0,0.0,APO
35885,15.0,60.0,0.0,APO
35886,15.0,60.0,0.0,APO
35887,30.0,0.0,0.0,APO
35888,30.0,0.0,0.0,APO
35889,30.0,20.0,0.0,APO
35890,30.0,20.0,0.0,APO
35891,30.0,40.0,0.0,APO
35892,30.0,40.0,0.0,APO
35893,30.0,60.0,0.0,APO
35894,30.0,60.0,0.0,APO
35895,45.0,0.0,0.0,APO
35896,45.0,0.0,0.0,APO
35897,45.0,20.0,0.0,APO
35898,45.0,20.0,0.0,APO
35899,45.0,40.0,0.0,APO
35900,45.0,40.0,0.0,APO
35901,45.0,60.0,0.0,APO
35902,45.0,60.0,0.0,APO
35903,60.0,0.0,0.0,APO
35904,60.0,0.0,0.0,APO
35905,60.0,20.0,0.0,APO
35906,60.0,20.0,0.0,APO
35907,60.0,40.0,0.0,APO
35908,60.0,40.0,0.0,APO
35909,60.0,60.0,0.0,APO
35910,60.0,60.0,0.0,APO
35911,75.0,0.0,0.0,APO
35912,75.0,0.0,0.0,APO
35913,75.0,20.0,0.0,APO
35914,75.0,20.0,0.0,APO
35915,75.0,40.0,0.0,APO
35916,75.0,40.0,0.0,APO
35917,75.0,60.0,0.0,APO
35918,75.0,60.0,0.0,APO
35919,90.0,0.0,0.0,APO
35920,90.0,0.0,0.0,APO
35921,90.0,20.0,0.0,APO
35922,90.0,20.0,0.0,APO
35923,90.0,40.0,0.0,APO
35924,90.0,40.0,0.0,APO
35925,90.0,60.0,0.0,APO
35926,90.0,60.0,0.0,APO
35927,105.0,0.0,0.0,APO
35928,105.0,0.0,0.0,APO
35929,105.0,20.0,0.0,APO
35930,105.0,20.0,0.0,APO
35931,105.0,40.0,0.0,APO
35932,105.0,40.0,0.0,APO
35933,105.0,60.0,0.0,APO
35934,105.0,60.0,0.0,APO
35935,120.0,0.0,0.0,APO
35936,120.0,0.0,0.0,APO
35937,120.0,20.0,0.0,APO
35938,120.0,20.0,0.0,APO
35939,120.0,40.0,0.0,APO
35940,120.0,40.0,0.0,APO
35941,120.0,60.0,0.0,APO
35942,120.0,60.0,0.0,APO
35943,135.0,0.0,0.0,APO
35944,135.0,0.0,0.0,APO
35945,135.0,20.0,0.0,APO
35946,135.0,20.0,0.0,APO
35947,135.0,40.0,0.0,APO
35948,135.0,40.0,0.0,APO
35949,135.0,60.0,0.0,APO
35950,135.0,60.0,0.0,APO
35951,150.0,0.0,0.0,APO
35952,150.0,0.0,0.0,APO
35953,150.0,20.0,0.0,APO
35954,150.0,20.0,0.0,APO
35955,150.0,40.0,0.0,APO
35956,150.0,40.0,0.0,APO
35957,150.0,60.0,0.0,APO
35958,150.0,60.0,0.0,APO
35959,165.0,0.0,0.0,APO
35960,165.0,0.0,0.0,APO
35961,165.0,20.0,0.0,APO
35962,165.0,20.0,0.0,APO
35963,165.0,40.0,0.0,APO
35964,165.0,40.0,0.0,APO
35965,165.0,60.0,0.0,APO
35966,165.0,60.0,0.0,APO
35967,180.0,0.0,0.0,APO
35968,180.0,0.0,0.0,APO
35969,180.0,20.0,0.0,APO
35970,180.0,20.0,0.0,APO
35971,180.0,40.0,0.0,APO
35972,180.0,40.0,0.0,APO
35973,180.0,60.0,0.0,APO
35974,180.0,60.0,0.0,APO
35975,195.0,0.0,0.0,APO
35976,195.0,0.0,0.0,APO
35977,195.0,20.0,0.0,APO
35978,195.0,20.0,0.0,APO
35979,195.0,40.0,0.0,APO
35980,195.0,40.0,0.0,APO
35981,195.0,60.0,0.0,APO
35982,195.0,60.0,0.0,APO
35983,210.0,0.0,0.0,APO
35984,210.0,0.0,0.0,APO
35985,210.0,20.0,0.0,APO
35986,210.0,20.0,0.0,APO
35987,210.0,40.0,0.0,APO
35988,210.0,40.0,0.0,APO
35989,210.0,60.0,0.0,APO
35990,210.0,60.0,0.0,APO
35991,225.0,0.0,0.0,APO
35992,225.0,0.0,0.0,APO
35993,225.0,20.0,0.0,APO
35994,225.0,20.0,0.0,APO
35995,225.0,40.0,0.0,APO
35996,225.0,40.0,0.0,APO
35997,225.0,60.0,0.0,APO
35998,225.0,60.0,0.0,APO
35999,240.0,0.0,0.0,APO
36000,240.0,0.0,0.0,APO
36001,240.0,20.0,0.0,APO
36002,240.0,20.0,0.0,APO
36003,240.0,40.0,0.0,APO
36004,240.0,40.0,0.0,APO
36005,240.0,60.0,0.0,APO
36006,240.0,60.0,0.0,APO
36007,255.0,0.0,0.0,APO
36008,255.0,0.0,0.0,APO
36009,255.0,20.0,0.0,APO
36010,255.0,20.0,0.0,APO
36011,255.0,40.0,0.0,APO
36012,255.0,40.0,0.0,APO
36013,255.0,60.0,0.0,APO
36014,255.0,60.0,0.0,APO
36015,270.0,0.0,0.0,APO
36016,270.0,0.0,0.0,APO
36017,270.0,20.0,0.0,APO
36018,270.0,20.0,0.0,APO
36019,270.0,40.0,0.0,APO
36020,270.0,40.0,0.0,APO
36021,270.0,60.0,0.0,APO
36022,270.0,60.0,0.0,APO
36023,285.0,0.0,0.0,APO
36024,285.0,0.0,0.0,APO
36025,285.0,20.0,0.0,APO
36026,285.0,20.0,0.0,APO
36027,285.0,40.0,0.0,APO
36028,285.0,40.0,0.0,APO
36029,285.0,60.0,0.0,APO
36030,285.0,60.0,0.0,APO
36031,300.0,0.0,0.0,APO
36032,300.0,0.0,0.0,APO
36033,300.0,20.0,0.0,APO
36034,300.0,20.0,0.0,APO
36035,300.0,40.0,0.0,APO
36036,300.0,40.0,0.0,APO
36037,300.0,60.0,0.0,APO
36038,300.0,60.0,0.0,APO
36039,315.0,0.0,0.0,APO
36040,315.0,0.0,0.0,APO
36041,315.0,20.0,0.0,APO
36042,315.0,20.0,0.0,APO
36043,315.0,40.0,0.0,APO
36044,315.0,40.0,0.0,APO
36045,315.0,60.0,0.0,APO
36046,315.0,60.0,0.0,APO
36047,330.0,0.0,0.0,APO
36048,330.0,0.0,0.0,APO
36049,330.0,20.0,0.0,APO
36050,330.0,20.0,0.0,APO
36051,330.0,40.0,0.0,APO
36052,330.0,40.0,0.0,APO
36053,330.0,60.0,0.0,APO
36054,330.0,60.0,0.0,APO
36055,345.0,0.0,0.0,APO
36056,345.0,0.0,0.0,APO
36057,345.0,20.0,0.0,APO
36058,345.0,20.0,0.0,APO
36059,345.0,40.0,0.0,APO
36060,345.0,40.0,0.0,APO
36061,345.0,60.0,0.0,APO
36062,345.0,60.0,0.0,APO
36063,105.0,0.0,60.0,APO
36064,105.0,0.0,60.0,APO
36065,105.0,0.0,120.0,APO
36066,105.0,0.0,120.0,APO
36067,105.0,0.0,180.0,APO
36068,105.0,0.0,180.0,APO
36069,105.0,0.0,240.0,APO
36070,105.0,0.0,240.0,APO
36071,105.0,0.0,300.0,APO
36072,105.0,0.0,300.0,APO
36073,105.0,20.0,60.0,APO
36074,105.0,20.0,60.0,APO
36075,105.0,20.0,120.0,APO
36076,105.0,20.0,120.0,APO
36077,105.0,20.0,180.0,APO
36078,105.0,20.0,180.0,APO
36079,105.0,20.0,240.0,APO
36080,105.0,20.0,240.0,APO
36081,105.0,20.0,300.0,APO
36082,105.0,20.0,300.0,APO
36083,105.0,40.0,60.0,APO
36084,105.0,40.0,60.0,APO
36085,105.0,40.0,120.0,APO
36086,105.0,40.0,120.0,APO
36087,105.0,40.0,180.0,APO
36088,105.0,40.0,180.0,APO
36089,105.0,40.0,240.0,APO
36090,105.0,40.0,240.0,APO
36091,105.0,40.0,300.0,APO
36092,105.0,40.0,300.0,APO
36093,105.0,60.0,60.0,APO
36094,105.0,60.0,60.0,APO
36095,105.0,60.0,120.0,APO
36096,105.0,60.0,120.0,APO
36097,105.0,60.0,180.0,APO
36098,105.0,60.0,180.0,APO
36099,105.0,60.0,240.0,APO
36100,105.0,60.0,240.0,APO
36101,105.0,60.0,300.0,APO
36102,105.0,60.0,300.0,APO
36103,120.0,0.0,60.0,APO
36104,120.0,0.0,60.0,APO
36105,120.0,0.0,120.0,APO
36106,120.0,0.0,120.0,APO
36107,120.0,0.0,180.0,APO
36108,120.0,0.0,180.0,APO
36109,120.0,0.0,240.0,APO
36110,120.0,0.0,240.0,APO
36111,120.0,0.0,300.0,APO
36112,120.0,0.0,300.0,APO
36113,120.0,20.0,60.0,APO
36114,120.0,20.0,60.0,APO
36115,120.0,20.0,120.0,APO
36116,120.0,20.0,120.0,APO
36117,120.0,20.0,180.0,APO
36118,120.0,20.0,180.0,APO
36119,120.0,20.0,240.0,APO
36120,120.0,20.0,240.0,APO
36121,120.0,20.0,300.0,APO
36122,120.0,20.0,300.0,APO
36123,120.0,40.0,60.0,APO
36124,120.0,40.0,60.0,APO
36125,120.0,40.0,120.0,APO
36126,120.0,40.0,120.0,APO
36127,120.0,40.0,180.0,APO
36128,120.0,40.0,180.0,APO
36129,120.0,40.0,240.0,APO
36130,120.0,40.0,240.0,APO
36131,120.0,40.0,300.0,APO
36132,120.0,40.0,300.0,APO
36133,120.0,60.0,60.0,APO
36134,120.0,60.0,60.0,APO
36135,120.0,60.0,120.0,APO
36136,120.0,60.0,120.0,APO
36137,120.0,60.0,180.0,APO
36138,120.0,60.0,180.0,APO
36139,120.0,60.0,240.0,APO
36140,120.0,60.0,240.0,APO
36141,120.0,60.0,300.0,APO
36142,120.0,60.0,300.0,APO
36143,135.0,0.0,60.0,APO
36144,135.0,0.0,60.0,APO
36145,135.0,0.0,120.0,APO
36146,135.0,0.0,120.0,APO
36147,135.0,0.0,180.0,APO
36148,135.0,0.0,180.0,APO
36149,135.0,0.0,240.0,APO
36150,135.0,0.0,240.0,APO
36151,135.0,0.0,300.0,APO
36152,135.0,0.0,300.0,APO
36153,135.0,20.0,60.0,APO
36154,135.0,20.0,60.0,APO
36155,135.0,20.0,120.0,APO
36156,135.0,20.0,120.0,APO
36157,135.0,20.0,180.0,APO
36158,135.0,20.0,180.0,APO
36159,135.0,20.0,240.0,APO
36160,135.0,20.0,240.0,APO
36161,135.0,20.0,300.0,APO
36162,135.0,20.0,300.0,APO
36163,135.0,40.0,60.0,APO
36164,135.0,40.0,60.0,APO
36165,135.0,40.0,120.0,APO
36166,135.0,40.0,120.0,APO
36167,135.0,40.0,180.0,APO
36168,135.0,40.0,180.0,APO
36169,135.0,40.0,240.0,APO
36170,135.0,40.0,240.0,APO
36171,135.0,40.0,300.0,APO
36172,135.0,40.0,300.0,APO
36173,135.0,60.0,60.0,APO
36174,135.0,60.0,60.0,APO
36175,135.0,60.0,120.0,APO
36176,135.0,60.0,120.0,APO
36177,135.0,60.0,180.0,APO
36178,135.0,60.0,180.0,APO
36179,135.0,60.0,240.0,APO
36180,135.0,60.0,240.0,APO
36181,135.0,60.0,300.0,APO
36182,135.0,60.0,300.0,APO
36195,100.758,4.093,0.0,APO
36196,100.758,4.093,0.0,APO
36197,100.758,4.093,0.0,APO
36198,100.758,4.093,0.0,APO
36199,100.758,4.093,0.0,APO
36200,100.758,4.093,0.0,APO
36201,93.367,26.295,0.0,APO
36202,93.367,26.295,0.0,APO
36203,93.367,26.295,0.0,APO
36204,93.367,26.295,0.0,APO
36205,93.367,26.295,0.0,APO
106778,0.0,0.0,0.0,APO
106779,0.0,20.0,0.0,APO
106780,0.0,40.0,0.0,APO
106781,0.0,60.0,0.0,APO
106782,15.0,0.0,0.0,APO
106783,15.0,20.0,0.0,APO
106784,15.0,40.0,0.0,APO
106785,15.0,60.0,0.0,APO
106786,30.0,0.0,0.0,APO
106787,30.0,20.0,0.0,APO
106788,30.0,40.0,0.0,APO
106789,30.0,60.0,0.0,APO
106790,45.0,0.0,0.0,APO
106791,45.0,20.0,0.0,APO
106792,45.0,40.0,0.0,APO
106793,45.0,60.0,0.0,APO
106794,60.0,0.0,0.0,APO
106795,60.0,20.0,0.0,APO
106796,60.0,40.0,0.0,APO
106797,60.0,60.0,0.0,APO
106798,75.0,0.0,0.0,APO
106799,75.0,20.0,0.0,APO
106800,75.0,40.0,0.0,APO
106801,75.0,60.0,0.0,APO
106802,90.0,0.0,0.0,APO
106803,90.0,20.0,0.0,APO
106804,90.0,40.0,0.0,APO
106805,90.0,60.0,0.0,APO
106806,105.0,0.0,0.0,APO
106807,105.0,20.0,0.0,APO
106808,105.0,40.0,0.0,APO
106809,105.0,60.0,0.0,APO
106810,120.0,0.0,0.0,APO
106811,120.0,20.0,0.0,APO
106812,120.0,40.0,0.0,APO
106813,120.0,60.0,0.0,APO
106814,135.0,0.0,0.0,APO
106815,135.0,20.0,0.0,APO
106816,135.0,40.0,0.0,APO
106817,135.0,60.0,0.0,APO
106818,150.0,0.0,0.0,APO
106819,150.0,20.0,0.0,APO
106820,150.0,40.0,0.0,APO
106821,150.0,60.0,0.0,APO
106822,165.0,0.0,0.0,APO
106823,165.0,20.0,0.0,APO
106824,165.0,40.0,0.0,APO
106825,165.0,60.0,0.0,APO
106826,180.0,0.0,0.0,APO
106827,180.0,20.0,0.0,APO
106828,180.0,40.0,0.0,APO
106829,180.0,60.0,0.0,APO
106830,195.0,0.0,0.0,APO
106831,195.0,20.0,0.0,APO
106832,195.0,40.0,0.0,APO
106833,195.0,60.0,0.0,APO
106834,210.0,0.0,0.0,APO
106835,210.0,20.0,0.0,APO
106836,210.0,40.0,0.0,APO
106837,210.0,60.0,0.0,APO
106838,225.0,0.0,0.0,APO
106839,225.0,20.0,0.0,APO
106840,225.0,40.0,0.0,APO
106841,225.0,60.0,0.0,APO
106842,240.0,0.0,0.0,APO
106843,240.0,20.0,0.0,APO
106844,240.0,40.0,0.0,APO
106845,240.0,60.0,0.0,APO
106846,255.0,0.0,0.0,APO
106847,255.0,20.0,0.0,APO
106848,255.0,40.0,0.0,APO
106849,255.0,60.0,0.0,APO
106850,270.0,0.0,0.0,APO
106851,270.0,20.0,0.0,APO
106852,270.0,40.0,0.0,APO
106853,270.0,60.0,0.0,APO
106854,285.0,0.0,0.0,APO
106855,285.0,20.0,0.0,APO
106856,285.0,40.0,0.0,APO
106857,285.0,60.0,0.0,APO
106858,300.0,0.0,0.0,APO
106859,300.0,60.0,0.0,APO
106860,315.0,40.0,0.0,APO
106861,315.0,60.0,0.0,APO
106862,330.0,40.0,0.0,APO
106863,345.0,60.0,0.0,APO
106864,315.0,0.0,0.0,APO
106865,330.0,60.0,0.0,APO
106866,345.0,0.0,0.0,APO
106867,345.0,20.0,0.0,APO
106868,345.0,40.0,0.0,APO
106869,315.0,20.0,0.0,APO
106870,300.0,20.0,0.0,APO
106871,330.0,0.0,0.0,APO
106872,330.0,20.0,0.0,APO
106873,300.0,40.0,0.0,APO
106874,0.0,0.0,0.0,APO
106875,0.0,20.0,0.0,APO
106876,0.0,40.0,0.0,APO
106877,0.0,60.0,0.0,APO
106878,15.0,0.0,0.0,APO
106879,15.0,20.0,0.0,APO
106880,15.0,40.0,0.0,APO
106881,15.0,60.0,0.0,APO
106882,30.0,0.0,0.0,APO
106883,30.0,20.0,0.0,APO
106884,30.0,40.0,0.0,APO
106885,30.0,60.0,0.0,APO
106886,45.0,0.0,0.0,APO
106887,45.0,20.0,0.0,APO
106888,45.0,40.0,0.0,APO
106889,45.0,60.0,0.0,APO
106890,60.0,0.0,0.0,APO
106891,60.0,20.0,0.0,APO
106892,60.0,40.0,0.0,APO
106893,60.0,60.0,0.0,APO
106894,75.0,0.0,0.0,APO
106895,75.0,20.0,0.0,APO
106896,75.0,40.0,0.0,APO
106897,75.0,60.0,0.0,APO
106898,90.0,0.0,0.0,APO
106899,90.0,20.0,0.0,APO
106900,90.0,40.0,0.0,APO
106901,90.0,60.0,0.0,APO
106902,105.0,0.0,0.0,APO
106903,105.0,20.0,0.0,APO
106904,105.0,40.0,0.0,APO
106905,105.0,60.0,0.0,APO
106906,120.0,0.0,0.0,APO
106907,120.0,20.0,0.0,APO
106908,120.0,40.0,0.0,APO
106909,120.0,60.0,0.0,APO
106910,135.0,0.0,0.0,APO
106911,135.0,20.0,0.0,APO
106912,135.0,40.0,0.0,APO
106913,135.0,60.0,0.0,APO
106914,150.0,0.0,0.0,APO
106915,150.0,20.0,0.0,APO
106916,150.0,40.0,0.0,APO
106917,150.0,60.0,0.0,APO
106918,165.0,0.0,0.0,APO
106919,165.0,20.0,0.0,APO
106920,165.0,40.0,0.0,APO
106921,165.0,60.0,0.0,APO
106922,180.0,0.0,0.0,APO
106923,180.0,20.0,0.0,APO
106924,180.0,40.0,0.0,APO
106925,180.0,60.0,0.0,APO
106926,195.0,0.0,0.0,APO
106927,195.0,20.0,0.0,APO
106928,195.0,40.0,0.0,APO
106929,195.0,60.0,0.0,APO
106930,210.0,0.0,0.0,APO
106931,210.0,20.0,0.0,APO
106932,210.0,40.0,0.0,APO
106933,210.0,60.0,0.0,APO
106934,225.0,0.0,0.0,APO
106935,225.0,20.0,0.0,APO
106936,225.0,40.0,0.0,APO
106937,225.0,60.0,0.0,APO
106938,240.0,0.0,0.0,APO
106939,240.0,20.0,0.0,APO
106940,240.0,40.0,0.0,APO
106941,240.0,60.0,0.0,APO
106942,255.0,0.0,0.0,APO
106943,255.0,20.0,0.0,APO
106944,255.0,40.0,0.0,APO
106945,255.0,60.0,0.0,APO
106946,270.0,0.0,0.0,APO
106947,270.0,20.0,0.0,APO
106948,270.0,40.0,0.0,APO
106949,270.0,60.0,0.0,APO
106950,285.0,0.0,0.0,APO
106951,285.0,20.0,0.0,APO
106952,285.0,40.0,0.0,APO
106953,285.0,60.0,0.0,APO
106954,300.0,0.0,0.0,APO
106955,300.0,20.0,0.0,APO
106956,300.0,40.0,0.0,APO
106957,300.0,60.0,0.0,APO
106958,315.0,0.0,0.0,APO
106959,315.0,20.0,0.0,APO
106960,315.0,40.0,0.0,APO
106961,315.0,60.0,0.0,APO
106962,330.0,0.0,0.0,APO
106963,330.0,20.0,0.0,APO
106964,330.0,40.0,0.0,APO
106965,330.0,60.0,0.0,APO
106966,345.0,0.0,0.0,APO
106967,345.0,20.0,0.0,APO
106968,345.0,40.0,0.0,APO
106969,345.0,60.0,0.0,APO
111146,308.0,41.0,0.0,APO
111147,308.0,41.0,0.0,APO
111148,308.0,41.0,0.0,APO
111149,308.0,41.0,0.0,APO
111150,308.0,41.0,0.0,APO
111151,308.0,41.0,0.0,APO
111152,308.0,41.0,0.0,APO
111153,308.0,41.0,0.0,APO
111154,305.25,38.75,0.0,APO
111162,210.0,0.0,60.0,APO
111163,210.0,0.0,60.0,APO
111164,210.0,0.0,120.0,APO
111165,210.0,0.0,120.0,APO
111166,210.0,0.0,180.0,APO
111167,210.0,0.0,180.0,APO
111168,210.0,0.0,240.0,APO
111169,210.0,0.0,240.0,APO
111170,210.0,0.0,300.0,APO
111171,210.0,0.0,300.0,APO
111172,210.0,20.0,60.0,APO
111173,210.0,20.0,60.0,APO
111174,210.0,20.0,120.0,APO
111175,210.0,20.0,120.0,APO
111176,210.0,20.0,180.0,APO
111177,210.0,20.0,180.0,APO
111178,210.0,20.0,240.0,APO
111179,210.0,20.0,240.0,APO
111180,210.0,20.0,300.0,APO
111181,210.0,20.0,300.0,APO
111182,210.0,40.0,60.0,APO
111183,210.0,40.0,60.0,APO
111184,210.0,40.0,120.0,APO
111185,210.0,40.0,120.0,APO
111186,210.0,40.0,180.0,APO
111187,210.0,40.0,180.0,APO
111188,210.0,40.0,240.0,APO
111189,210.0,40.0,240.0,APO
111190,210.0,40.0,300.0,APO
111191,210.0,40.0,300.0,APO
111192,210.0,60.0,60.0,APO
111193,210.0,60.0,60.0,APO
111194,210.0,60.0,120.0,APO
111195,210.0,60.0,120.0,APO
111196,210.0,60.0,180.0,APO
111197,210.0,60.0,180.0,APO
111198,210.0,60.0,240.0,APO
111199,210.0,60.0,240.0,APO
111200,210.0,60.0,300.0,APO
111201,210.0,60.0,300.0,APO
111202,225.0,0.0,60.0,APO
111203,225.0,0.0,60.0,APO
111204,225.0,0.0,120.0,APO
111205,225.0,0.0,120.0,APO
111206,225.0,0.0,180.0,APO
111207,225.0,0.0,180.0,APO
111208,225.0,0.0,240.0,APO
111209,225.0,0.0,240.0,APO
111210,225.0,0.0,300.0,APO
111211,225.0,0.0,300.0,APO
111212,225.0,20.0,60.0,APO
111213,225.0,20.0,60.0,APO
111214,225.0,20.0,120.0,APO
111215,225.0,20.0,120.0,APO
111216,225.0,20.0,180.0,APO
111217,225.0,20.0,180.0,APO
111218,225.0,20.0,240.0,APO
111219,225.0,20.0,240.0,APO
111220,225.0,20.0,300.0,APO
111221,225.0,20.0,300.0,APO
111222,225.0,40.0,60.0,APO
111223,225.0,40.0,60.0,APO
111224,225.0,40.0,120.0,APO
111225,225.0,40.0,120.0,APO
111226,225.0,40.0,180.0,APO
111227,225.0,40.0,180.0,APO
111228,225.0,40.0,240.0,APO
111229,225.0,40.0,240.0,APO
111230,225.0,40.0,300.0,APO
111231,225.0,40.0,300.0,APO
111232,225.0,60.0,60.0,APO
111233,225.0,60.0,60.0,APO
111234,225.0,60.0,120.0,APO
111235,225.0,60.0,120.0,APO
111236,225.0,60.0,180.0,APO
111237,225.0,60.0,180.0,APO
111238,225.0,60.0,240.0,APO
111239,225.0,60.0,240.0,APO
111240,225.0,60.0,300.0,APO
111241,225.0,60.0,300.0,APO
111242,240.0,0.0,60.0,APO
111243,240.0,0.0,60.0,APO
111244,240.0,0.0,120.0,APO
111245,240.0,0.0,120.0,APO
111246,240.0,0.0,180.0,APO
111247,240.0,0.0,180.0,APO
111248,240.0,0.0,240.0,APO
111249,240.0,0.0,240.0,APO
111250,240.0,0.0,300.0,APO
111251,240.0,0.0,300.0,APO
111252,240.0,20.0,60.0,APO
111253,240.0,20.0,60.0,APO
111254,240.0,20.0,120.0,APO
111255,240.0,20.0,120.0,APO
111256,240.0,20.0,180.0,APO
111257,240.0,20.0,180.0,APO
111258,240.0,20.0,240.0,APO
111259,240.0,20.0,240.0,APO
111260,240.0,20.0,300.0,APO
111261,240.0,20.0,300.0,APO
111262,240.0,40.0,60.0,APO
111263,240.0,40.0,60.0,APO
111264,240.0,40.0,120.0,APO
111265,240.0,40.0,120.0,APO
111266,240.0,40.0,180.0,APO
111267,240.0,40.0,180.0,APO
111268,240.0,40.0,240.0,APO
111269,240.0,40.0,240.0,APO
111270,240.0,40.0,300.0,APO
111271,240.0,40.0,300.0,APO
111272,240.0,60.0,60.0,APO
111273,240.0,60.0,60.0,APO
111274,240.0,60.0,120.0,APO
111275,240.0,60.0,120.0,APO
111276,240.0,60.0,180.0,APO
111277,240.0,60.0,180.0,APO
111278,240.0,60.0,240.0,APO
111279,240.0,60.0,240.0,APO
111280,240.0,60.0,300.0,APO
111281,240.0,60.0,300.0,APO
111282,0.0,0.0,0.0,APO
111283,0.0,0.0,0.0,APO
111284,0.0,0.0,60.0,APO
111285,0.0,0.0,60.0,APO
111286,0.0,0.0,120.0,APO
111287,0.0,0.0,120.0,APO
111288,0.0,0.0,180.0,APO
111289,0.0,0.0,180.0,APO
111290,0.0,0.0,240.0,APO
111291,0.0,0.0,240.0,APO
111292,0.0,0.0,300.0,APO
111293,0.0,0.0,300.0,APO
111294,0.0,-20.0,0.0,LCO
111295,0.0,20.0,0.0,APO
111296,0.0,-20.0,0.0,LCO
111297,0.0,20.0,0.0,APO
111298,0.0,-20.0,60.0,LCO
111299,0.0,20.0,60.0,APO
111300,0.0,-20.0,60.0,LCO
111301,0.0,20.0,60.0,APO
111302,0.0,-20.0,120.0,LCO
111303,0.0,20.0,120.0,APO
111304,0.0,-20.0,120.0,LCO
111305,0.0,20.0,120.0,APO
111306,0.0,-20.0,180.0,LCO
111307,0.0,20.0,180.0,APO
111308,0.0,-20.0,180.0,LCO
111309,0.0,20.0,180.0,APO
111310,0.0,-20.0,240.0,LCO
111311,0.0,20.0,240.0,APO
111312,0.0,-20.0,240.0,LCO
111313,0.0,20.0,240.0,APO
111314,0.0,-20.0,300.0,LCO
111315,0.0,20.0,300.0,APO
111316,0.0,-20.0,300.0,LCO
111317,0.0,20.0,300.0,APO
111318,0.0,-40.0,0.0,LCO
111319,0.0,40.0,0.0,APO
111320,0.0,-40.0,0.0,LCO
111321,0.0,40.0,0.0,APO
111322,0.0,-40.0,60.0,LCO
111323,0.0,40.0,60.0,APO
111324,0.0,-40.0,60.0,LCO
111325,0.0,40.0,60.0,APO
111326,0.0,-40.0,120.0,LCO
111327,0.0,40.0,120.0,APO
111328,0.0,-40.0,120.0,LCO
111329,0.0,40.0,120.0,APO
111330,0.0,-40.0,180.0,LCO
111331,0.0,40.0,180.0,APO
111332,0.0,-40.0,180.0,LCO
111333,0.0,40.0,180.0,APO
111334,0.0,-40.0,240.0,LCO
111335,0.0,40.0,240.0,APO
111336,0.0,-40.0,240.0,LCO
111337,0.0,40.0,240.0,APO
111338,0.0,-40.0,300.0,LCO
111339,0.0,40.0,300.0,APO
111340,0.0,-40.0,300.0,LCO
111341,0.0,40.0,300.0,APO
111342,0.0,-60.0,0.0,LCO
111343,0.0,-60.0,0.0,LCO
111344,0.0,-60.0,60.0,LCO
111345,0.0,-60.0,60.0,LCO
111346,0.0,-60.0,120.0,LCO
111347,0.0,-60.0,120.0,LCO
111348,0.0,-60.0,180.0,LCO
111349,0.0,-60.0,180.0,LCO
111350,0.0,-60.0,240.0,LCO
111351,0.0,-60.0,240.0,LCO
111352,0.0,-60.0,300.0,LCO
111353,0.0,-60.0,300.0,LCO
111354,15.0,0.0,0.0,APO
111355,15.0,0.0,0.0,APO
111356,15.0,0.0,60.0,APO
111357,15.0,0.0,60.0,APO
111358,15.0,0.0,120.0,APO
111359,15.0,0.0,120.0,APO
111360,15.0,0.0,180.0,APO
111361,15.0,0.0,180.0,APO
111362,15.0,0.0,240.0,APO
111363,15.0,0.0,240.0,APO
111364,15.0,0.0,300.0,APO
111365,15.0,0.0,300.0,APO
111366,15.0,-20.0,0.0,LCO
111367,15.0,20.0,0.0,APO
111368,15.0,-20.0,0.0,LCO
111369,15.0,20.0,0.0,APO
111370,15.0,-20.0,60.0,LCO
111371,15.0,20.0,60.0,APO
111372,15.0,-20.0,60.0,LCO
111373,15.0,-20.0,300.0,LCO
111374,15.0,20.0,300.0,APO
111375,15.0,-40.0,0.0,LCO
111376,15.0,40.0,0.0,APO
111377,15.0,-40.0,0.0,LCO
111378,15.0,40.0,0.0,APO
111379,15.0,-40.0,60.0,LCO
111380,15.0,40.0,60.0,APO
111381,15.0,-40.0,60.0,LCO
111382,15.0,40.0,60.0,APO
111383,15.0,-40.0,120.0,LCO
111384,15.0,40.0,120.0,APO
111385,15.0,-40.0,120.0,LCO
111386,15.0,40.0,120.0,APO
111387,15.0,-40.0,180.0,LCO
111388,15.0,40.0,180.0,APO
111389,15.0,20.0,60.0,APO
111390,15.0,-20.0,120.0,LCO
111391,15.0,20.0,120.0,APO
111392,15.0,20.0,120.0,APO
111393,15.0,20.0,180.0,APO
111394,15.0,20.0,180.0,APO
111395,15.0,20.0,240.0,APO
111396,15.0,20.0,240.0,APO
111397,15.0,20.0,300.0,APO
111398,15.0,-20.0,120.0,LCO
111399,15.0,-20.0,180.0,LCO
111400,15.0,-20.0,180.0,LCO
111401,15.0,-20.0,240.0,LCO
111402,15.0,-20.0,240.0,LCO
111403,15.0,-20.0,300.0,LCO
111404,15.0,-40.0,180.0,LCO
111405,15.0,40.0,180.0,APO
111406,15.0,-40.0,240.0,LCO
111407,15.0,40.0,240.0,APO
111408,15.0,-40.0,240.0,LCO
111409,15.0,40.0,240.0,APO
111410,15.0,-40.0,300.0,LCO
111411,15.0,40.0,300.0,APO
111412,15.0,-40.0,300.0,LCO
111413,15.0,40.0,300.0,APO
111414,15.0,-60.0,0.0,LCO
111415,15.0,-60.0,0.0,LCO
111416,15.0,-60.0,60.0,LCO
111417,15.0,-60.0,60.0,LCO
111418,15.0,-60.0,120.0,LCO
111419,15.0,-60.0,120.0,LCO
111420,15.0,-60.0,180.0,LCO
111421,15.0,-60.0,180.0,LCO
111422,15.0,-60.0,240.0,LCO
111423,15.0,-60.0,240.0,LCO
111424,15.0,-60.0,300.0,LCO
111425,15.0,-60.0,300.0,LCO
111426,30.0,0.0,0.0,APO
111427,30.0,0.0,0.0,APO
111428,30.0,0.0,60.0,APO
111429,30.0,0.0,60.0,APO
111430,30.0,0.0,120.0,APO
111431,30.0,0.0,120.0,APO
111432,30.0,0.0,180.0,APO
111433,30.0,0.0,180.0,APO
111434,30.0,0.0,240.0,APO
111435,30.0,0.0,240.0,APO
111436,30.0,0.0,300.0,APO
111437,30.0,0.0,300.0,APO
111438,30.0,-20.0,0.0,LCO
111439,30.0,20.0,0.0,APO
111440,30.0,-20.0,0.0,LCO
111441,30.0,20.0,0.0,APO
111442,30.0,-20.0,60.0,LCO
111443,30.0,20.0,60.0,APO
111444,30.0,-20.0,60.0,LCO
111445,30.0,20.0,60.0,APO
111446,30.0,-20.0,120.0,LCO
111447,30.0,20.0,120.0,APO
111448,30.0,-20.0,120.0,LCO
111449,30.0,20.0,120.0,APO
111450,30.0,-20.0,180.0,LCO
111451,30.0,20.0,180.0,APO
111452,30.0,-20.0,180.0,LCO
111453,30.0,20.0,180.0,APO
111454,30.0,-20.0,240.0,LCO
111455,30.0,20.0,240.0,APO
111456,30.0,-20.0,240.0,LCO
111457,30.0,20.0,240.0,APO
111458,30.0,-20.0,300.0,LCO
111459,30.0,20.0,300.0,APO
111460,30.0,-20.0,300.0,LCO
111461,30.0,20.0,300.0,APO
111462,30.0,-40.0,0.0,LCO
111463,30.0,40.0,0.0,APO
111464,30.0,-40.0,0.0,LCO
111465,30.0,40.0,0.0,APO
111466,30.0,-40.0,60.0,LCO
111467,30.0,40.0,60.0,APO
111468,30.0,-40.0,60.0,LCO
111469,30.0,40.0,60.0,APO
111470,30.0,-40.0,120.0,LCO
111471,30.0,40.0,120.0,APO
111472,30.0,-40.0,120.0,LCO
111473,30.0,40.0,120.0,APO
111474,30.0,-40.0,180.0,LCO
111475,30.0,40.0,180.0,APO
111476,30.0,-40.0,180.0,LCO
111477,30.0,40.0,180.0,APO
111478,30.0,-40.0,240.0,LCO
111479,30.0,40.0,240.0,APO
111480,30.0,-40.0,240.0,LCO
111481,30.0,40.0,240.0,APO
111482,30.0,-40.0,300.0,LCO
111483,30.0,40.0,300.0,APO
111484,30.0,-40.0,300.0,LCO
111485,30.0,40.0,300.0,APO
111486,30.0,-60.0,0.0,LCO
111487,30.0,-60.0,0.0,LCO
111488,30.0,-60.0,60.0,LCO
111489,30.0,-60.0,60.0,LCO
111490,30.0,-60.0,120.0,LCO
111491,30.0,-60.0,120.0,LCO
111492,30.0,-60.0,180.0,LCO
111493,30.0,-60.0,180.0,LCO
111494,30.0,-60.0,240.0,LCO
111495,30.0,-60.0,240.0,LCO
111496,30.0,-60.0,300.0,LCO
111497,30.0,-60.0,300.0,LCO
111498,45.0,0.0,0.0,APO
111499,45.0,0.0,0.0,APO
111500,45.0,0.0,60.0,APO
111501,45.0,0.0,60.0,APO
111502,45.0,0.0,120.0,APO
111503,45.0,0.0,120.0,APO
111504,45.0,0.0,180.0,APO
111505,45.0,0.0,180.0,APO
111506,45.0,0.0,240.0,APO
111507,45.0,0.0,240.0,APO
111508,45.0,0.0,300.0,APO
111509,45.0,0.0,300.0,APO
111510,45.0,-20.0,0.0,LCO
111511,45.0,20.0,0.0,APO
111512,45.0,-20.0,0.0,LCO
111513,45.0,20.0,0.0,APO
111514,45.0,-20.0,60.0,LCO
111515,45.0,20.0,60.0,APO
111516,45.0,-20.0,60.0,LCO
111517,45.0,20.0,60.0,APO
111518,45.0,-20.0,120.0,LCO
111519,45.0,20.0,120.0,APO
111520,45.0,-20.0,120.0,LCO
111521,45.0,20.0,120.0,APO
111522,45.0,-20.0,180.0,LCO
111523,45.0,20.0,180.0,APO
111524,45.0,-20.0,180.0,LCO
111525,45.0,20.0,180.0,APO
111526,45.0,-20.0,240.0,LCO
111527,45.0,20.0,240.0,APO
111528,45.0,-20.0,240.0,LCO
111529,45.0,20.0,240.0,APO
111530,45.0,-20.0,300.0,LCO
111531,45.0,20.0,300.0,APO
111532,45.0,-20.0,300.0,LCO
111533,45.0,20.0,300.0,APO
111534,45.0,-40.0,0.0,LCO
111535,45.0,40.0,0.0,APO
111536,45.0,-40.0,0.0,LCO
111537,45.0,40.0,0.0,APO
111538,45.0,-40.0,60.0,LCO
111539,45.0,40.0,60.0,APO
111540,45.0,-40.0,60.0,LCO
111541,45.0,40.0,60.0,APO
111542,45.0,-40.0,120.0,LCO
111543,45.0,40.0,120.0,APO
111544,45.0,-40.0,120.0,LCO
111545,45.0,40.0,120.0,APO
111546,45.0,-40.0,180.0,LCO
111547,45.0,40.0,180.0,APO
111548,45.0,-40.0,180.0,LCO
111549,45.0,40.0,180.0,APO
111550,45.0,-40.0,240.0,LCO
111551,45.0,40.0,240.0,APO
111552,45.0,-40.0,240.0,LCO
111553,45.0,40.0,240.0,APO
111554,45.0,-40.0,300.0,LCO
111555,45.0,40.0,300.0,APO
111556,45.0,-40.0,300.0,LCO
111557,45.0,40.0,300.0,APO
111558,45.0,-60.0,0.0,LCO
111559,45.0,-60.0,0.0,LCO
111560,45.0,-60.0,60.0,LCO
111561,45.0,-60.0,60.0,LCO
111562,45.0,-60.0,120.0,LCO
111563,45.0,-60.0,120.0,LCO
111564,45.0,-60.0,180.0,LCO
111565,45.0,-60.0,180.0,LCO
111566,45.0,-60.0,240.0,LCO
111567,45.0,-60.0,240.0,LCO
111568,45.0,-60.0,300.0,LCO
111569,45.0,-60.0,300.0,LCO
111570,60.0,0.0,0.0,APO
111571,60.0,0.0,0.0,APO
111572,60.0,0.0,60.0,APO
111573,60.0,0.0,60.0,APO
111574,60.0,0.0,120.0,APO
111575,60.0,0.0,120.0,APO
111576,60.0,0.0,180.0,APO
111577,60.0,0.0,180.0,APO
111578,60.0,0.0,240.0,APO
111579,60.0,0.0,240.0,APO
111580,60.0,0.0,300.0,APO
111581,60.0,0.0,300.0,APO
111582,60.0,-20.0,0.0,LCO
111583,60.0,20.0,0.0,APO
111584,60.0,-20.0,0.0,LCO
111585,60.0,20.0,0.0,APO
111586,60.0,-20.0,60.0,LCO
111587,60.0,20.0,60.0,APO
111588,60.0,-20.0,60.0,LCO
111589,60.0,20.0,60.0,APO
111590,60.0,-20.0,120.0,LCO
111591,60.0,20.0,120.0,APO
111592,60.0,-20.0,120.0,LCO
111593,60.0,20.0,120.0,APO
111594,60.0,-20.0,180.0,LCO
111595,60.0,20.0,180.0,APO
111596,60.0,-20.0,180.0,LCO
111597,60.0,20.0,180.0,APO
111598,60.0,-20.0,240.0,LCO
111599,60.0,20.0,240.0,APO
111600,60.0,-20.0,240.0,LCO
111601,60.0,20.0,240.0,APO
111602,60.0,-20.0,300.0,LCO
111603,60.0,20.0,300.0,APO
111604,60.0,-20.0,300.0,LCO
111605,60.0,20.0,300.0,APO
111606,60.0,-40.0,0.0,LCO
111607,60.0,-40.0,0.0,LCO
111608,60.0,-40.0,60.0,LCO
111609,60.0,-40.0,60.0,LCO
111610,60.0,-40.0,120.0,LCO
111611,60.0,-40.0,120.0,LCO
111612,60.0,-40.0,180.0,LCO
111613,60.0,-40.0,180.0,LCO
111614,60.0,-40.0,240.0,LCO
111615,60.0,-40.0,240.0,LCO
111616,60.0,-40.0,300.0,LCO
111617,60.0,-40.0,300.0,LCO
111618,60.0,-60.0,0.0,LCO
111619,60.0,-60.0,0.0,LCO
111620,60.0,-60.0,60.0,LCO
111621,60.0,-60.0,60.0,LCO
111622,60.0,-60.0,120.0,LCO
111623,60.0,-60.0,120.0,LCO
111624,60.0,-60.0,180.0,LCO
111625,60.0,-60.0,180.0,LCO
111626,60.0,-60.0,240.0,LCO
111627,60.0,-60.0,240.0,LCO
111628,60.0,-60.0,300.0,LCO
111629,60.0,-60.0,300.0,LCO
111630,75.0,0.0,0.0,APO
111631,75.0,0.0,0.0,APO
111632,75.0,0.0,60.0,APO
111633,75.0,0.0,60.0,APO
111634,75.0,0.0,120.0,APO
111635,75.0,0.0,120.0,APO
111636,75.0,0.0,180.0,APO
111637,75.0,0.0,180.0,APO
111638,75.0,0.0,240.0,APO
111639,75.0,0.0,240.0,APO
111640,75.0,0.0,300.0,APO
111641,75.0,0.0,300.0,APO
111642,75.0,-20.0,0.0,LCO
111643,75.0,20.0,0.0,APO
111644,75.0,-20.0,0.0,LCO
111645,75.0,20.0,0.0,APO
111646,75.0,-20.0,60.0,LCO
111647,75.0,20.0,60.0,APO
111648,75.0,-20.0,60.0,LCO
111649,75.0,20.0,60.0,APO
111650,75.0,-20.0,120.0,LCO
111651,75.0,20.0,120.0,APO
111652,75.0,-20.0,120.0,LCO
111653,75.0,20.0,120.0,APO
111654,75.0,-20.0,180.0,LCO
111655,75.0,20.0,180.0,APO
111656,75.0,-20.0,180.0,LCO
111657,75.0,20.0,180.0,APO
111658,75.0,-20.0,240.0,LCO
111659,75.0,20.0,240.0,APO
111660,75.0,-20.0,240.0,LCO
111661,75.0,20.0,240.0,APO
111662,75.0,-20.0,300.0,LCO
111663,75.0,20.0,300.0,APO
111664,75.0,-20.0,300.0,LCO
111665,75.0,20.0,300.0,APO
111666,75.0,-40.0,0.0,LCO
111667,75.0,-40.0,0.0,LCO
111668,75.0,-40.0,60.0,LCO
111669,75.0,-40.0,60.0,LCO
111670,75.0,-40.0,120.0,LCO
111671,75.0,-40.0,120.0,LCO
111672,75.0,-40.0,180.0,LCO
111673,75.0,-40.0,180.0,LCO
111674,75.0,-40.0,240.0,LCO
111675,75.0,-40.0,240.0,LCO
111676,75.0,-40.0,300.0,LCO
111677,75.0,-40.0,300.0,LCO
111678,75.0,-60.0,0.0,LCO
111679,75.0,60.0,0.0,APO
111680,75.0,-60.0,0.0,LCO
111681,75.0,60.0,0.0,APO
111682,75.0,-60.0,60.0,LCO
111683,75.0,60.0,60.0,APO
111684,75.0,-60.0,60.0,LCO
111685,75.0,60.0,60.0,APO
111686,75.0,-60.0,120.0,LCO
111687,75.0,60.0,120.0,APO
111688,75.0,-60.0,120.0,LCO
111689,75.0,60.0,120.0,APO
111690,75.0,-60.0,180.0,LCO
111691,75.0,60.0,180.0,APO
111692,75.0,-60.0,180.0,LCO
111693,75.0,60.0,180.0,APO
111694,75.0,-60.0,240.0,LCO
111695,75.0,60.0,240.0,APO
111696,75.0,-60.0,240.0,LCO
111697,75.0,60.0,240.0,APO
111698,75.0,-60.0,300.0,LCO
111699,75.0,60.0,300.0,APO
111700,75.0,-60.0,300.0,LCO
111701,75.0,60.0,300.0,APO
111702,90.0,0.0,0.0,APO
111703,90.0,0.0,0.0,APO
111704,90.0,0.0,60.0,APO
111705,90.0,0.0,60.0,APO
111706,90.0,0.0,120.0,APO
111707,90.0,0.0,120.0,APO
111708,90.0,0.0,180.0,APO
111709,90.0,0.0,180.0,APO
111710,90.0,0.0,240.0,APO
111711,90.0,0.0,240.0,APO
111712,90.0,0.0,300.0,APO
111713,90.0,0.0,300.0,APO
111714,90.0,-20.0,0.0,LCO
111715,90.0,-20.0,0.0,LCO
111716,90.0,-20.0,60.0,LCO
111717,90.0,-20.0,60.0,LCO
111718,90.0,-20.0,120.0,LCO
111719,90.0,-20.0,120.0,LCO
111720,90.0,-20.0,180.0,LCO
111721,90.0,-20.0,180.0,LCO
111722,90.0,-20.0,240.0,LCO
111723,90.0,-20.0,240.0,LCO
111724,90.0,-20.0,300.0,LCO
111725,90.0,-20.0,300.0,LCO
111726,90.0,-40.0,0.0,LCO
111727,90.0,-40.0,0.0,LCO
111728,90.0,-40.0,60.0,LCO
111729,90.0,-40.0,60.0,LCO
111730,90.0,-40.0,120.0,LCO
111731,90.0,-40.0,120.0,LCO
111732,90.0,-40.0,180.0,LCO
111733,90.0,-40.0,180.0,LCO
111734,90.0,-40.0,240.0,LCO
111735,90.0,-40.0,240.0,LCO
111736,90.0,-40.0,300.0,LCO
111737,90.0,-40.0,300.0,LCO
111738,90.0,-60.0,0.0,LCO
111739,90.0,60.0,0.0,APO
111740,90.0,-60.0,0.0,LCO
111741,90.0,60.0,0.0,APO
111742,90.0,-60.0,60.0,LCO
111743,90.0,60.0,60.0,APO
111744,90.0,-60.0,60.0,LCO
111745,90.0,60.0,60.0,APO
111746,90.0,-60.0,120.0,LCO
111747,90.0,60.0,120.0,APO
111748,90.0,-60.0,120.0,LCO
111749,90.0,60.0,120.0,APO
111750,90.0,-60.0,180.0,LCO
111751,90.0,60.0,180.0,APO
111752,90.0,-60.0,180.0,LCO
111753,90.0,60.0,180.0,APO
111754,90.0,-60.0,240.0,LCO
111755,90.0,60.0,240.0,APO
111756,90.0,-60.0,240.0,LCO
111757,90.0,60.0,240.0,APO
111758,90.0,-60.0,300.0,LCO
111759,90.0,60.0,300.0,APO
111760,90.0,-60.0,300.0,LCO
111761,90.0,60.0,300.0,APO
111762,105.0,20.0,0.0,APO
111763,105.0,20.0,0.0,APO
111764,105.0,20.0,60.0,APO
111765,105.0,20.0,60.0,APO
111766,105.0,20.0,120.0,APO
111767,105.0,20.0,120.0,APO
111768,105.0,20.0,180.0,APO
111769,105.0,20.0,180.0,APO
111770,105.0,20.0,240.0,APO
111771,105.0,20.0,240.0,APO
111772,105.0,20.0,300.0,APO
111773,105.0,20.0,300.0,APO
111774,105.0,-40.0,0.0,LCO
111775,105.0,40.0,0.0,APO
111776,105.0,-40.0,0.0,LCO
111777,105.0,40.0,0.0,APO
111778,105.0,-40.0,60.0,LCO
111779,105.0,40.0,60.0,APO
111780,105.0,-40.0,60.0,LCO
111781,105.0,40.0,60.0,APO
111782,105.0,-40.0,120.0,LCO
111783,105.0,40.0,120.0,APO
111784,105.0,-40.0,120.0,LCO
111785,105.0,40.0,120.0,APO
111786,105.0,-40.0,180.0,LCO
111787,105.0,40.0,180.0,APO
111788,105.0,-40.0,180.0,LCO
111789,105.0,40.0,180.0,APO
111790,105.0,-40.0,240.0,LCO
111791,105.0,40.0,240.0,APO
111792,105.0,-40.0,240.0,LCO
111793,105.0,40.0,240.0,APO
111794,105.0,-40.0,300.0,LCO
111795,105.0,40.0,300.0,APO
111796,105.0,-40.0,300.0,LCO
111797,105.0,40.0,300.0,APO
111798,105.0,-60.0,0.0,LCO
111799,105.0,60.0,0.0,APO
111800,105.0,-60.0,0.0,LCO
111801,105.0,60.0,0.0,APO
111802,105.0,-60.0,60.0,LCO
111803,105.0,60.0,60.0,APO
111804,105.0,-60.0,60.0,LCO
111805,105.0,60.0,60.0,APO
111806,105.0,-60.0,120.0,LCO
111807,105.0,60.0,120.0,APO
111808,105.0,-60.0,120.0,LCO
111809,105.0,60.0,120.0,APO
111810,105.0,-60.0,180.0,LCO
111811,105.0,60.0,180.0,APO
111812,105.0,-60.0,180.0,LCO
111813,105.0,60.0,180.0,APO
111814,105.0,-60.0,240.0,LCO
111815,105.0,60.0,240.0,APO
111816,105.0,-60.0,240.0,LCO
111817,105.0,60.0,240.0,APO
111818,105.0,-60.0,300.0,LCO
111819,105.0,60.0,300.0,APO
111820,105.0,-60.0,300.0,LCO
111821,105.0,60.0,300.0,APO
111822,120.0,0.0,0.0,APO
111823,120.0,0.0,0.0,APO
111824,120.0,0.0,60.0,APO
111825,120.0,0.0,60.0,APO
111826,120.0,0.0,120.0,APO
111827,120.0,0.0,120.0,APO
111828,120.0,0.0,180.0,APO
111829,120.0,0.0,180.0,APO
111830,120.0,0.0,240.0,APO
111831,120.0,0.0,240.0,APO
111832,120.0,0.0,300.0,APO
111833,120.0,0.0,300.0,APO
111834,120.0,20.0,0.0,APO
111835,120.0,20.0,0.0,APO
111836,120.0,20.0,60.0,APO
111837,120.0,20.0,60.0,APO
111838,120.0,20.0,120.0,APO
111839,120.0,20.0,120.0,APO
111840,120.0,20.0,180.0,APO
111841,120.0,20.0,180.0,APO
111842,120.0,20.0,240.0,APO
111843,120.0,20.0,240.0,APO
111844,120.0,20.0,300.0,APO
111845,120.0,20.0,300.0,APO
111846,120.0,40.0,0.0,APO
111847,120.0,40.0,0.0,APO
111848,120.0,40.0,60.0,APO
111849,120.0,40.0,60.0,APO
111850,120.0,40.0,120.0,APO
111851,120.0,40.0,120.0,APO
111852,120.0,40.0,180.0,APO
111853,120.0,40.0,180.0,APO
111854,120.0,40.0,240.0,APO
111855,120.0,40.0,240.0,APO
111856,120.0,40.0,300.0,APO
111857,120.0,40.0,300.0,APO
111858,120.0,-60.0,0.0,LCO
111859,120.0,60.0,0.0,APO
111860,120.0,-60.0,0.0,LCO
111861,120.0,60.0,0.0,APO
111862,120.0,-60.0,60.0,LCO
111863,120.0,60.0,60.0,APO
111864,120.0,-60.0,60.0,LCO
111865,120.0,60.0,60.0,APO
111866,120.0,-60.0,120.0,LCO
111867,120.0,60.0,120.0,APO
111868,120.0,-60.0,120.0,LCO
111869,120.0,60.0,120.0,APO
111870,120.0,-60.0,180.0,LCO
111871,120.0,60.0,180.0,APO
111872,120.0,-60.0,180.0,LCO
111873,120.0,60.0,180.0,APO
111874,120.0,-60.0,240.0,LCO
111875,120.0,60.0,240.0,APO
111876,120.0,-60.0,240.0,LCO
111877,120.0,60.0,240.0,APO
111878,120.0,-60.0,300.0,LCO
111879,120.0,60.0,300.0,APO
111880,120.0,-60.0,300.0,LCO
111881,120.0,60.0,300.0,APO
111882,135.0,0.0,0.0,APO
111883,135.0,0.0,0.0,APO
111884,135.0,0.0,60.0,APO
111885,135.0,0.0,60.0,APO
111886,135.0,0.0,120.0,APO
111887,135.0,0.0,120.0,APO
111888,135.0,0.0,180.0,APO
111889,135.0,0.0,180.0,APO
111890,135.0,0.0,240.0,APO
111891,135.0,0.0,240.0,APO
111892,135.0,0.0,300.0,APO
111893,135.0,0.0,300.0,APO
111894,135.0,-20.0,0.0,LCO
111895,135.0,20.0,0.0,APO
111896,135.0,-20.0,0.0,LCO
111897,135.0,20.0,0.0,APO
111898,135.0,-20.0,60.0,LCO
111899,135.0,20.0,60.0,APO
111900,135.0,-20.0,60.0,LCO
111901,135.0,20.0,60.0,APO
111902,135.0,-20.0,120.0,LCO
111903,135.0,20.0,120.0,APO
111904,135.0,-20.0,120.0,LCO
111905,135.0,20.0,120.0,APO
111906,135.0,-20.0,180.0,LCO
111907,135.0,20.0,180.0,APO
111908,135.0,-20.0,180.0,LCO
111909,135.0,20.0,180.0,APO
111910,135.0,-20.0,240.0,LCO
111911,135.0,20.0,240.0,APO
111912,135.0,-20.0,240.0,LCO
111913,135.0,20.0,240.0,APO
111914,135.0,-20.0,300.0,LCO
111915,135.0,20.0,300.0,APO
111916,135.0,-20.0,300.0,LCO
111917,135.0,20.0,300.0,APO
111918,135.0,40.0,0.0,APO
111919,135.0,40.0,0.0,APO
111920,135.0,40.0,60.0,APO
111921,135.0,40.0,60.0,APO
111922,135.0,40.0,120.0,APO
111923,135.0,40.0,120.0,APO
111924,135.0,40.0,180.0,APO
111925,135.0,40.0,180.0,APO
111926,135.0,40.0,240.0,APO
111927,135.0,40.0,240.0,APO
111928,135.0,40.0,300.0,APO
111929,135.0,40.0,300.0,APO
111930,135.0,60.0,0.0,APO
111931,135.0,60.0,0.0,APO
111932,135.0,60.0,60.0,APO
111933,135.0,60.0,60.0,APO
111934,135.0,60.0,120.0,APO
111935,135.0,60.0,120.0,APO
111936,135.0,60.0,180.0,APO
111937,135.0,60.0,180.0,APO
111938,135.0,60.0,240.0,APO
111939,135.0,60.0,240.0,APO
111940,135.0,60.0,300.0,APO
111941,135.0,60.0,300.0,APO
111942,150.0,0.0,0.0,APO
111943,150.0,0.0,0.0,APO
111944,150.0,0.0,60.0,APO
111945,150.0,0.0,60.0,APO
111946,150.0,0.0,120.0,APO
111947,150.0,0.0,120.0,APO
111948,150.0,0.0,180.0,APO
111949,150.0,0.0,180.0,APO
111950,150.0,0.0,240.0,APO
111951,150.0,0.0,240.0,APO
111952,150.0,0.0,300.0,APO
111953,150.0,0.0,300.0,APO
111954,150.0,-20.0,0.0,LCO
111955,150.0,20.0,0.0,APO
111956,150.0,-20.0,0.0,LCO
111957,150.0,20.0,0.0,APO
111958,150.0,-20.0,60.0,LCO
111959,150.0,20.0,60.0,APO
111960,150.0,-20.0,60.0,LCO
111961,150.0,20.0,60.0,APO
111962,150.0,-20.0,120.0,LCO
111963,150.0,20.0,120.0,APO
111964,150.0,-20.0,120.0,LCO
111965,150.0,20.0,120.0,APO
111966,150.0,-20.0,180.0,LCO
111967,150.0,20.0,180.0,APO
111968,150.0,-20.0,180.0,LCO
111969,150.0,20.0,180.0,APO
111970,150.0,-20.0,240.0,LCO
111971,150.0,20.0,240.0,APO
111972,150.0,-20.0,240.0,LCO
111973,150.0,20.0,240.0,APO
111974,150.0,-20.0,300.0,LCO
111975,150.0,20.0,300.0,APO
111976,150.0,-20.0,300.0,LCO
111977,150.0,20.0,300.0,APO
111978,150.0,-40.0,0.0,LCO
111979,150.0,40.0,0.0,APO
111980,150.0,-40.0,0.0,LCO
111981,150.0,40.0,0.0,APO
111982,150.0,-40.0,60.0,LCO
111983,150.0,40.0,60.0,APO
111984,150.0,-40.0,60.0,LCO
111985,150.0,40.0,60.0,APO
111986,150.0,-40.0,120.0,LCO
111987,150.0,40.0,120.0,APO
111988,150.0,-40.0,120.0,LCO
111989,150.0,40.0,120.0,APO
111990,150.0,-40.0,180.0,LCO
111991,150.0,40.0,180.0,APO
111992,150.0,-40.0,180.0,LCO
111993,150.0,40.0,180.0,APO
111994,150.0,-40.0,240.0,LCO
111995,150.0,40.0,240.0,APO
111996,150.0,-40.0,240.0,LCO
111997,150.0,40.0,240.0,APO
111998,150.0,-40.0,300.0,LCO
111999,150.0,40.0,300.0,APO
112000,150.0,-40.0,300.0,LCO
112001,150.0,40.0,300.0,APO
112002,150.0,60.0,0.0,APO
112003,150.0,60.0,0.0,APO
112004,150.0,60.0,60.0,APO
112005,150.0,60.0,60.0,APO
112006,150.0,60.0,120.0,APO
112007,150.0,60.0,120.0,APO
112008,150.0,60.0,180.0,APO
112009,150.0,60.0,180.0,APO
112010,150.0,60.0,240.0,APO
112011,150.0,60.0,240.0,APO
112012,150.0,60.0,300.0,APO
112013,150.0,60.0,300.0,APO
112014,165.0,0.0,0.0,APO
112015,165.0,0.0,0.0,APO
112016,165.0,0.0,60.0,APO
112017,165.0,0.0,60.0,APO
112018,165.0,0.0,120.0,APO
112019,165.0,0.0,120.0,APO
112020,165.0,0.0,180.0,APO
112021,165.0,0.0,180.0,APO
112022,165.0,0.0,240.0,APO
112023,165.0,0.0,240.0,APO
112024,165.0,0.0,300.0,APO
112025,165.0,0.0,300.0,APO
112026,165.0,-20.0,0.0,LCO
112027,165.0,20.0,0.0,APO
112028,165.0,-20.0,0.0,LCO
112029,165.0,20.0,0.0,APO
112030,165.0,-20.0,60.0,LCO
112031,165.0,20.0,60.0,APO
112032,165.0,-20.0,60.0,LCO
112033,165.0,20.0,60.0,APO
112034,165.0,-20.0,120.0,LCO
112035,165.0,20.0,120.0,APO
112036,165.0,-20.0,120.0,LCO
112037,165.0,20.0,120.0,APO
112038,165.0,-20.0,180.0,LCO
112039,165.0,20.0,180.0,APO
112040,165.0,-20.0,180.0,LCO
112041,165.0,20.0,180.0,APO
112042,165.0,-20.0,240.0,LCO
112043,165.0,20.0,240.0,APO
112044,165.0,-20.0,240.0,LCO
112045,165.0,20.0,240.0,APO
112046,165.0,-20.0,300.0,LCO
112047,165.0,20.0,300.0,APO
112048,165.0,-20.0,300.0,LCO
112049,165.0,20.0,300.0,APO
112050,165.0,-40.0,0.0,LCO
112051,165.0,40.0,0.0,APO
112052,165.0,-40.0,0.0,LCO
112053,165.0,40.0,0.0,APO
112054,165.0,-40.0,60.0,LCO
112055,165.0,40.0,60.0,APO
112056,165.0,-40.0,60.0,LCO
112057,165.0,40.0,60.0,APO
112058,165.0,-40.0,120.0,LCO
112059,165.0,40.0,120.0,APO
112060,165.0,-40.0,120.0,LCO
112061,165.0,40.0,120.0,APO
112062,165.0,-40.0,180.0,LCO
112063,165.0,40.0,180.0,APO
112064,165.0,-40.0,180.0,LCO
112065,165.0,40.0,180.0,APO
112066,165.0,-40.0,240.0,LCO
112067,165.0,40.0,240.0,APO
112068,165.0,-40.0,240.0,LCO
112069,165.0,40.0,240.0,APO
112070,165.0,-40.0,300.0,LCO
112071,165.0,40.0,300.0,APO
112072,165.0,-40.0,300.0,LCO
112073,165.0,40.0,300.0,APO
112074,165.0,60.0,0.0,APO
112075,165.0,60.0,0.0,APO
112076,165.0,60.0,60.0,APO
112077,165.0,60.0,60.0,APO
112078,165.0,60.0,120.0,APO
112079,165.0,60.0,120.0,APO
112080,165.0,60.0,180.0,APO
112081,165.0,60.0,180.0,APO
112082,165.0,60.0,240.0,APO
112083,165.0,60.0,240.0,APO
112084,165.0,60.0,300.0,APO
112085,165.0,60.0,300.0,APO
112086,180.0,0.0,0.0,APO
112087,180.0,0.0,0.0,APO
112088,180.0,0.0,60.0,APO
112089,180.0,0.0,60.0,APO
112090,180.0,0.0,120.0,APO
112091,180.0,0.0,120.0,APO
112092,180.0,0.0,180.0,APO
112093,180.0,0.0,180.0,APO
112094,180.0,0.0,240.0,APO
112095,180.0,0.0,240.0,APO
112096,180.0,0.0,300.0,APO
112097,180.0,0.0,300.0,APO
112098,180.0,-20.0,0.0,LCO
112099,180.0,20.0,0.0,APO
112100,180.0,-20.0,0.0,LCO
112101,180.0,20.0,0.0,APO
112102,180.0,-20.0,60.0,LCO
112103,180.0,20.0,60.0,APO
112104,180.0,-20.0,60.0,LCO
112105,180.0,20.0,60.0,APO
112106,180.0,-20.0,120.0,LCO
112107,180.0,20.0,120.0,APO
112108,180.0,-20.0,120.0,LCO
112109,180.0,20.0,120.0,APO
112110,180.0,-20.0,180.0,LCO
112111,180.0,20.0,180.0,APO
112112,180.0,-20.0,180.0,LCO
112113,180.0,20.0,180.0,APO
112114,180.0,-20.0,240.0,LCO
112115,180.0,20.0,240.0,APO
112116,180.0,-20.0,240.0,LCO
112117,180.0,20.0,240.0,APO
112118,180.0,-20.0,300.0,LCO
112119,180.0,20.0,300.0,APO
112120,180.0,-20.0,300.0,LCO
112121,180.0,20.0,300.0,APO
112122,180.0,-40.0,0.0,LCO
112123,180.0,40.0,0.0,APO
112124,180.0,-40.0,0.0,LCO
112125,180.0,40.0,0.0,APO
112126,180.0,-40.0,60.0,LCO
112127,180.0,40.0,60.0,APO
112128,180.0,-40.0,60.0,LCO
112129,180.0,40.0,60.0,APO
112130,180.0,-40.0,120.0,LCO
112131,180.0,40.0,120.0,APO
112132,180.0,-40.0,120.0,LCO
112133,180.0,40.0,120.0,APO
112134,180.0,-40.0,180.0,LCO
112135,180.0,40.0,180.0,APO
112136,180.0,-40.0,180.0,LCO
112137,180.0,40.0,180.0,APO
112138,180.0,-40.0,240.0,LCO
112139,180.0,40.0,240.0,APO
112140,180.0,-40.0,240.0,LCO
112141,180.0,40.0,240.0,APO
112142,180.0,-40.0,300.0,LCO
112143,180.0,40.0,300.0,APO
112144,180.0,-40.0,300.0,LCO
112145,180.0,40.0,300.0,APO
112146,180.0,60.0,0.0,APO
112147,180.0,60.0,0.0,APO
112148,180.0,60.0,60.0,APO
112149,180.0,60.0,60.0,APO
112150,180.0,60.0,120.0,APO
112151,180.0,60.0,120.0,APO
112152,180.0,60.0,180.0,APO
112153,180.0,60.0,180.0,APO
112154,180.0,60.0,240.0,APO
112155,180.0,60.0,240.0,APO
112156,180.0,60.0,300.0,APO
112157,180.0,60.0,300.0,APO
112158,195.0,0.0,0.0,APO
112159,195.0,0.0,0.0,APO
112160,195.0,0.0,60.0,APO
112161,195.0,0.0,60.0,APO
112162,195.0,0.0,120.0,APO
112163,195.0,0.0,120.0,APO
112164,195.0,0.0,180.0,APO
112165,195.0,0.0,180.0,APO
112166,195.0,0.0,240.0,APO
112167,195.0,0.0,240.0,APO
112168,195.0,0.0,300.0,APO
112169,195.0,0.0,300.0,APO
112170,195.0,-20.0,0.0,LCO
112171,195.0,20.0,0.0,APO
112172,195.0,-20.0,0.0,LCO
112173,195.0,20.0,0.0,APO
112174,195.0,-20.0,60.0,LCO
112175,195.0,20.0,60.0,APO
112176,195.0,-20.0,60.0,LCO
112177,195.0,20.0,60.0,APO
112178,195.0,-20.0,120.0,LCO
112179,195.0,20.0,120.0,APO
112180,195.0,-20.0,120.0,LCO
112181,195.0,20.0,120.0,APO
112182,195.0,-20.0,180.0,LCO
112183,195.0,20.0,180.0,APO
112184,195.0,-20.0,180.0,LCO
112185,195.0,20.0,180.0,APO
112186,195.0,-20.0,240.0,LCO
112187,195.0,20.0,240.0,APO
112188,195.0,-20.0,240.0,LCO
112189,195.0,20.0,240.0,APO
112190,195.0,-20.0,300.0,LCO
112191,195.0,20.0,300.0,APO
112192,195.0,-20.0,300.0,LCO
112193,195.0,20.0,300.0,APO
112194,195.0,-40.0,0.0,LCO
112195,195.0,40.0,0.0,APO
112196,195.0,-40.0,0.0,LCO
112197,195.0,40.0,0.0,APO
112198,195.0,-40.0,60.0,LCO
112199,195.0,40.0,60.0,APO
112200,195.0,-40.0,60.0,LCO
112201,195.0,40.0,60.0,APO
112202,195.0,-40.0,120.0,LCO
112203,195.0,40.0,120.0,APO
112204,195.0,-40.0,120.0,LCO
112205,195.0,40.0,120.0,APO
112206,195.0,-40.0,180.0,LCO
112207,195.0,40.0,180.0,APO
112208,195.0,-40.0,180.0,LCO
112209,195.0,40.0,180.0,APO
112210,195.0,-40.0,240.0,LCO
112211,195.0,40.0,240.0,APO
112212,195.0,-40.0,240.0,LCO
112213,195.0,40.0,240.0,APO
112214,195.0,-40.0,300.0,LCO
112215,195.0,40.0,300.0,APO
112216,195.0,-40.0,300.0,LCO
112217,195.0,40.0,300.0,APO
112218,195.0,60.0,0.0,APO
112219,195.0,60.0,0.0,APO
112220,195.0,60.0,60.0,APO
112221,195.0,60.0,60.0,APO
112222,195.0,60.0,120.0,APO
112223,195.0,60.0,120.0,APO
112224,195.0,60.0,180.0,APO
112225,195.0,60.0,180.0,APO
112226,195.0,60.0,240.0,APO
112227,195.0,60.0,240.0,APO
112228,195.0,60.0,300.0,APO
112229,195.0,60.0,300.0,APO
112230,210.0,0.0,0.0,APO
112231,210.0,0.0,0.0,APO
112232,210.0,0.0,60.0,APO
112233,210.0,0.0,60.0,APO
112234,210.0,0.0,120.0,APO
112235,210.0,0.0,120.0,APO
112236,210.0,0.0,180.0,APO
112237,210.0,0.0,180.0,APO
112238,210.0,0.0,240.0,APO
112239,210.0,0.0,240.0,APO
112240,210.0,0.0,300.0,APO
112241,210.0,0.0,300.0,APO
112242,210.0,-20.0,0.0,LCO
112243,210.0,20.0,0.0,APO
112244,210.0,-20.0,0.0,LCO
112245,210.0,20.0,0.0,APO
112246,210.0,-20.0,60.0,LCO
112247,210.0,20.0,60.0,APO
112248,210.0,-20.0,60.0,LCO
112249,210.0,20.0,60.0,APO
112250,210.0,-20.0,120.0,LCO
112251,210.0,20.0,120.0,APO
112252,210.0,-20.0,120.0,LCO
112253,210.0,20.0,120.0,APO
112254,210.0,-20.0,180.0,LCO
112255,210.0,20.0,180.0,APO
112256,210.0,-20.0,180.0,LCO
112257,210.0,20.0,180.0,APO
112258,210.0,-20.0,240.0,LCO
112259,210.0,20.0,240.0,APO
112260,210.0,-20.0,240.0,LCO
112261,210.0,20.0,240.0,APO
112262,210.0,-20.0,300.0,LCO
112263,210.0,20.0,300.0,APO
112264,210.0,-20.0,300.0,LCO
112265,210.0,20.0,300.0,APO
112266,210.0,-40.0,0.0,LCO
112267,210.0,40.0,0.0,APO
112268,210.0,-40.0,0.0,LCO
112269,210.0,40.0,0.0,APO
112270,210.0,-40.0,60.0,LCO
112271,210.0,40.0,60.0,APO
112272,210.0,-40.0,60.0,LCO
112273,210.0,40.0,60.0,APO
112274,210.0,-40.0,120.0,LCO
112275,210.0,40.0,120.0,APO
112276,210.0,-40.0,120.0,LCO
112277,210.0,40.0,120.0,APO
112278,210.0,-40.0,180.0,LCO
112279,210.0,40.0,180.0,APO
112280,210.0,-40.0,180.0,LCO
112281,210.0,40.0,180.0,APO
112282,210.0,-40.0,240.0,LCO
112283,210.0,40.0,240.0,APO
112284,210.0,-40.0,240.0,LCO
112285,210.0,40.0,240.0,APO
112286,210.0,-40.0,300.0,LCO
112287,210.0,40.0,300.0,APO
112288,210.0,-40.0,300.0,LCO
112289,210.0,40.0,300.0,APO
112290,210.0,60.0,0.0,APO
112291,210.0,60.0,0.0,APO
112292,210.0,60.0,60.0,APO
112293,210.0,60.0,60.0,APO
112294,210.0,60.0,120.0,APO
112295,210.0,60.0,120.0,APO
112296,210.0,60.0,180.0,APO
112297,210.0,60.0,180.0,APO
112298,210.0,60.0,240.0,APO
112299,210.0,60.0,240.0,APO
112300,210.0,60.0,300.0,APO
112301,210.0,60.0,300.0,APO
112302,225.0,0.0,0.0,APO
112303,225.0,0.0,0.0,APO
112304,225.0,0.0,60.0,APO
112305,225.0,0.0,60.0,APO
112306,225.0,0.0,120.0,APO
112307,225.0,0.0,120.0,APO
112308,225.0,0.0,180.0,APO
112309,225.0,0.0,180.0,APO
112310,225.0,0.0,240.0,APO
112311,225.0,0.0,240.0,APO
112312,225.0,0.0,300.0,APO
112313,225.0,0.0,300.0,APO
112314,225.0,-20.0,0.0,LCO
112315,225.0,20.0,0.0,APO
112316,225.0,-20.0,0.0,LCO
112317,225.0,20.0,0.0,APO
112318,225.0,-20.0,60.0,LCO
112319,225.0,20.0,60.0,APO
112320,225.0,-20.0,60.0,LCO
112321,225.0,20.0,60.0,APO
112322,225.0,-20.0,120.0,LCO
112323,225.0,20.0,120.0,APO
112324,225.0,-20.0,120.0,LCO
112325,225.0,20.0,120.0,APO
112326,225.0,-20.0,180.0,LCO
112327,225.0,20.0,180.0,APO
112328,225.0,-20.0,180.0,LCO
112329,225.0,20.0,180.0,APO
112330,225.0,-20.0,240.0,LCO
112331,225.0,20.0,240.0,APO
112332,225.0,-20.0,240.0,LCO
112333,225.0,20.0,240.0,APO
112334,225.0,-20.0,300.0,LCO
112335,225.0,20.0,300.0,APO
112336,225.0,-20.0,300.0,LCO
112337,225.0,20.0,300.0,APO
112338,225.0,-40.0,0.0,LCO
112339,225.0,40.0,0.0,APO
112340,225.0,-40.0,0.0,LCO
112341,225.0,40.0,0.0,APO
112342,225.0,-40.0,60.0,LCO
112343,225.0,40.0,60.0,APO
112344,225.0,-40.0,60.0,LCO
112345,225.0,40.0,60.0,APO
112346,225.0,-40.0,120.0,LCO
112347,225.0,40.0,120.0,APO
112348,225.0,-40.0,120.0,LCO
112349,225.0,40.0,120.0,APO
112350,225.0,-40.0,180.0,LCO
112351,225.0,40.0,180.0,APO
112352,225.0,-40.0,180.0,LCO
112353,225.0,40.0,180.0,APO
112354,225.0,-40.0,240.0,LCO
112355,225.0,40.0,240.0,APO
112356,225.0,-40.0,240.0,LCO
112357,225.0,40.0,240.0,APO
112358,225.0,-40.0,300.0,LCO
112359,225.0,40.0,300.0,APO
112360,225.0,-40.0,300.0,LCO
112361,225.0,40.0,300.0,APO
112362,225.0,60.0,0.0,APO
112363,225.0,60.0,0.0,APO
112364,225.0,60.0,60.0,APO
112365,225.0,60.0,60.0,APO
112366,225.0,60.0,120.0,APO
112367,225.0,60.0,120.0,APO
112368,225.0,60.0,180.0,APO
112369,225.0,60.0,180.0,APO
112370,225.0,60.0,240.0,APO
112371,225.0,60.0,240.0,APO
112372,225.0,60.0,300.0,APO
112373,225.0,60.0,300.0,APO
112374,240.0,0.0,0.0,APO
112375,240.0,0.0,0.0,APO
112376,240.0,0.0,60.0,APO
112377,240.0,0.0,60.0,APO
112378,240.0,0.0,120.0,APO
112379,240.0,0.0,120.0,APO
112380,240.0,0.0,180.0,APO
112381,240.0,0.0,180.0,APO
112382,240.0,0.0,240.0,APO
112383,240.0,0.0,240.0,APO
112384,240.0,0.0,300.0,APO
112385,240.0,0.0,300.0,APO
112386,240.0,-20.0,0.0,LCO
112387,240.0,20.0,0.0,APO
112388,240.0,-20.0,0.0,LCO
112389,240.0,20.0,0.0,APO
112390,240.0,-20.0,60.0,LCO
112391,240.0,20.0,60.0,APO
112392,240.0,-20.0,60.0,LCO
112393,240.0,20.0,60.0,APO
112394,240.0,-20.0,120.0,LCO
112395,240.0,20.0,120.0,APO
112396,240.0,-20.0,120.0,LCO
112397,240.0,20.0,120.0,APO
112398,240.0,-20.0,180.0,LCO
112399,240.0,20.0,180.0,APO
112400,240.0,-20.0,180.0,LCO
112401,240.0,20.0,180.0,APO
112402,240.0,-20.0,240.0,LCO
112403,240.0,20.0,240.0,APO
112404,240.0,-20.0,240.0,LCO
112405,240.0,20.0,240.0,APO
112406,240.0,-20.0,300.0,LCO
112407,240.0,20.0,300.0,APO
112408,240.0,-20.0,300.0,LCO
112409,240.0,20.0,300.0,APO
112410,240.0,40.0,0.0,APO
112411,240.0,40.0,0.0,APO
112412,240.0,40.0,60.0,APO
112413,240.0,40.0,60.0,APO
112414,240.0,40.0,120.0,APO
112415,240.0,40.0,120.0,APO
112416,240.0,40.0,180.0,APO
112417,240.0,40.0,180.0,APO
112418,240.0,40.0,240.0,APO
112419,240.0,40.0,240.0,APO
112420,240.0,40.0,300.0,APO
112421,240.0,40.0,300.0,APO
112422,240.0,60.0,0.0,APO
112423,240.0,60.0,0.0,APO
112424,240.0,60.0,60.0,APO
112425,240.0,60.0,60.0,APO
112426,240.0,60.0,120.0,APO
112427,240.0,60.0,120.0,APO
112428,240.0,60.0,180.0,APO
112429,240.0,60.0,180.0,APO
112430,240.0,60.0,240.0,APO
112431,240.0,60.0,240.0,APO
112432,240.0,60.0,300.0,APO
112433,240.0,60.0,300.0,APO
112434,255.0,0.0,0.0,APO
112435,255.0,0.0,0.0,APO
112436,255.0,0.0,60.0,APO
112437,255.0,0.0,60.0,APO
112438,255.0,0.0,120.0,APO
112439,255.0,0.0,120.0,APO
112440,255.0,0.0,180.0,APO
112441,255.0,0.0,180.0,APO
112442,255.0,0.0,240.0,APO
112443,255.0,0.0,240.0,APO
112444,255.0,0.0,300.0,APO
112445,255.0,0.0,300.0,APO
112446,255.0,-20.0,0.0,LCO
112447,255.0,20.0,0.0,APO
112448,255.0,-20.0,0.0,LCO
112449,255.0,20.0,0.0,APO
112450,255.0,-20.0,60.0,LCO
112451,255.0,20.0,60.0,APO
112452,255.0,-20.0,60.0,LCO
112453,255.0,20.0,60.0,APO
112454,255.0,-20.0,120.0,LCO
112455,255.0,20.0,120.0,APO
112456,255.0,-20.0,120.0,LCO
112457,255.0,20.0,120.0,APO
112458,255.0,-20.0,180.0,LCO
112459,255.0,20.0,180.0,APO
112460,255.0,-20.0,180.0,LCO
112461,255.0,20.0,180.0,APO
112462,255.0,-20.0,240.0,LCO
112463,255.0,20.0,240.0,APO
112464,255.0,-20.0,240.0,LCO
112465,255.0,20.0,240.0,APO
112466,255.0,-20.0,300.0,LCO
112467,255.0,20.0,300.0,APO
112468,255.0,-20.0,300.0,LCO
112469,255.0,20.0,300.0,APO
112470,255.0,40.0,0.0,APO
112471,255.0,40.0,0.0,APO
112472,255.0,40.0,60.0,APO
112473,255.0,40.0,60.0,APO
112474,255.0,40.0,120.0,APO
112475,255.0,40.0,120.0,APO
112476,255.0,40.0,180.0,APO
112477,255.0,40.0,180.0,APO
112478,255.0,40.0,240.0,APO
112479,255.0,40.0,240.0,APO
112480,255.0,40.0,300.0,APO
112481,255.0,40.0,300.0,APO
112482,255.0,-60.0,0.0,LCO
112483,255.0,60.0,0.0,APO
112484,255.0,-60.0,0.0,LCO
112485,255.0,60.0,0.0,APO
112486,255.0,-60.0,60.0,LCO
112487,255.0,60.0,60.0,APO
112488,255.0,-60.0,60.0,LCO
112489,255.0,60.0,60.0,APO
112490,255.0,-60.0,120.0,LCO
112491,255.0,60.0,120.0,APO
112492,255.0,-60.0,120.0,LCO
112493,255.0,60.0,120.0,APO
112494,255.0,-60.0,180.0,LCO
112495,255.0,60.0,180.0,APO
112496,255.0,-60.0,180.0,LCO
112497,255.0,60.0,180.0,APO
112498,255.0,-60.0,240.0,LCO
112499,255.0,60.0,240.0,APO
112500,255.0,-60.0,240.0,LCO
112501,255.0,60.0,240.0,APO
112502,255.0,-60.0,300.0,LCO
112503,255.0,60.0,300.0,APO
112504,255.0,-60.0,300.0,LCO
112505,255.0,60.0,300.0,APO
112506,270.0,0.0,0.0,APO
112507,270.0,0.0,0.0,APO
112508,270.0,0.0,60.0,APO
112509,270.0,0.0,60.0,APO
112510,270.0,0.0,120.0,APO
112511,270.0,0.0,120.0,APO
112512,270.0,0.0,180.0,APO
112513,270.0,0.0,180.0,APO
112514,270.0,0.0,240.0,APO
112515,270.0,0.0,240.0,APO
112516,270.0,0.0,300.0,APO
112517,270.0,0.0,300.0,APO
112518,270.0,20.0,0.0,APO
112519,270.0,20.0,0.0,APO
112520,270.0,20.0,60.0,APO
112521,270.0,20.0,60.0,APO
112522,270.0,20.0,120.0,APO
112523,270.0,20.0,120.0,APO
112524,270.0,20.0,180.0,APO
112525,270.0,20.0,180.0,APO
112526,270.0,20.0,240.0,APO
112527,270.0,20.0,240.0,APO
112528,270.0,20.0,300.0,APO
112529,270.0,20.0,300.0,APO
112530,270.0,40.0,0.0,APO
112531,270.0,40.0,0.0,APO
112532,270.0,40.0,60.0,APO
112533,270.0,40.0,60.0,APO
112534,270.0,40.0,120.0,APO
112535,270.0,40.0,120.0,APO
112536,270.0,40.0,180.0,APO
112537,270.0,40.0,180.0,APO
112538,270.0,40.0,240.0,APO
112539,270.0,40.0,240.0,APO
112540,270.0,40.0,300.0,APO
112541,270.0,40.0,300.0,APO
112542,270.0,-60.0,0.0,LCO
112543,270.0,60.0,0.0,APO
112544,270.0,-60.0,0.0,LCO
112545,270.0,60.0,0.0,APO
112546,270.0,-60.0,60.0,LCO
112547,270.0,60.0,60.0,APO
112548,270.0,-60.0,60.0,LCO
112549,270.0,60.0,60.0,APO
112550,270.0,-60.0,120.0,LCO
112551,270.0,60.0,120.0,APO
112552,270.0,-60.0,120.0,LCO
112553,270.0,60.0,120.0,APO
112554,270.0,-60.0,180.0,LCO
112555,270.0,60.0,180.0,APO
112556,270.0,-60.0,180.0,LCO
112557,270.0,60.0,180.0,APO
112558,270.0,-60.0,240.0,LCO
112559,270.0,60.0,240.0,APO
112560,270.0,-60.0,240.0,LCO
112561,270.0,60.0,240.0,APO
112562,270.0,-60.0,300.0,LCO
112563,270.0,60.0,300.0,APO
112564,270.0,-60.0,300.0,LCO
112565,270.0,60.0,300.0,APO
112566,285.0,-20.0,0.0,LCO
112567,285.0,-20.0,0.0,LCO
112568,285.0,-20.0,60.0,LCO
112569,285.0,-20.0,60.0,LCO
112570,285.0,-20.0,120.0,LCO
112571,285.0,-20.0,120.0,LCO
112572,285.0,-20.0,180.0,LCO
112573,285.0,-20.0,180.0,LCO
112574,285.0,-20.0,240.0,LCO
112575,285.0,-20.0,240.0,LCO
112576,285.0,-20.0,300.0,LCO
112577,285.0,-20.0,300.0,LCO
112578,285.0,-40.0,0.0,LCO
112579,285.0,40.0,0.0,APO
112580,285.0,-40.0,0.0,LCO
112581,285.0,40.0,0.0,APO
112582,285.0,-40.0,60.0,LCO
112583,285.0,40.0,60.0,APO
112584,285.0,-40.0,60.0,LCO
112585,285.0,40.0,60.0,APO
112586,285.0,-40.0,120.0,LCO
112587,285.0,40.0,120.0,APO
112588,285.0,-40.0,120.0,LCO
112589,285.0,40.0,120.0,APO
112590,285.0,-40.0,180.0,LCO
112591,285.0,40.0,180.0,APO
112592,285.0,-40.0,180.0,LCO
112593,285.0,40.0,180.0,APO
112594,285.0,-40.0,240.0,LCO
112595,285.0,40.0,240.0,APO
112596,285.0,-40.0,240.0,LCO
112597,285.0,40.0,240.0,APO
112598,285.0,-40.0,300.0,LCO
112599,285.0,40.0,300.0,APO
112600,285.0,-40.0,300.0,LCO
112601,285.0,40.0,300.0,APO
112602,285.0,-60.0,0.0,LCO
112603,285.0,60.0,0.0,APO
112604,285.0,-60.0,0.0,LCO
112605,285.0,60.0,0.0,APO
112606,285.0,-60.0,60.0,LCO
112607,285.0,60.0,60.0,APO
112608,285.0,-60.0,60.0,LCO
112609,285.0,60.0,60.0,APO
112610,285.0,-60.0,120.0,LCO
112611,285.0,60.0,120.0,APO
112612,285.0,-60.0,120.0,LCO
112613,285.0,60.0,120.0,APO
112614,285.0,-60.0,180.0,LCO
112615,285.0,60.0,180.0,APO
112616,285.0,-60.0,180.0,LCO
112617,285.0,60.0,180.0,APO
112618,285.0,-60.0,240.0,LCO
112619,285.0,60.0,240.0,APO
112620,285.0,-60.0,240.0,LCO
112621,285.0,60.0,240.0,APO
112622,285.0,-60.0,300.0,LCO
112623,285.0,60.0,300.0,APO
112624,285.0,-60.0,300.0,LCO
112625,285.0,60.0,300.0,APO
112626,300.0,0.0,0.0,APO
112627,300.0,0.0,0.0,APO
112628,300.0,0.0,60.0,APO
112629,300.0,0.0,60.0,APO
112630,300.0,0.0,120.0,APO
112631,300.0,0.0,120.0,APO
112632,300.0,0.0,180.0,APO
112633,300.0,0.0,180.0,APO
112634,300.0,0.0,240.0,APO
112635,300.0,0.0,240.0,APO
112636,300.0,0.0,300.0,APO
112637,300.0,0.0,300.0,APO
112638,300.0,-20.0,0.0,LCO
112639,300.0,-20.0,0.0,LCO
112640,300.0,-20.0,60.0,LCO
112641,300.0,-20.0,60.0,LCO
112642,300.0,-20.0,120.0,LCO
112643,300.0,-20.0,120.0,LCO
112644,300.0,-20.0,180.0,LCO
112645,300.0,-20.0,180.0,LCO
112646,300.0,-20.0,240.0,LCO
112647,300.0,-20.0,240.0,LCO
112648,300.0,-20.0,300.0,LCO
112649,300.0,-20.0,300.0,LCO
112650,300.0,-40.0,0.0,LCO
112651,300.0,-40.0,0.0,LCO
112652,300.0,-40.0,60.0,LCO
112653,300.0,-40.0,60.0,LCO
112654,300.0,-40.0,120.0,LCO
112655,300.0,-40.0,120.0,LCO
112656,300.0,-40.0,180.0,LCO
112657,300.0,-40.0,180.0,LCO
112658,300.0,-40.0,240.0,LCO
112659,300.0,-40.0,240.0,LCO
112660,300.0,-40.0,300.0,LCO
112661,300.0,-40.0,300.0,LCO
112662,300.0,-60.0,0.0,LCO
112663,300.0,60.0,0.0,APO
112664,300.0,-60.0,0.0,LCO
112665,300.0,60.0,0.0,APO
112666,300.0,-60.0,60.0,LCO
112667,300.0,60.0,60.0,APO
112668,300.0,-60.0,60.0,LCO
112669,300.0,60.0,60.0,APO
112670,300.0,-60.0,120.0,LCO
112671,300.0,60.0,120.0,APO
112672,300.0,-60.0,120.0,LCO
112673,300.0,60.0,120.0,APO
112674,300.0,-60.0,180.0,LCO
112675,300.0,60.0,180.0,APO
112676,300.0,-60.0,180.0,LCO
112677,300.0,60.0,180.0,APO
112678,300.0,-60.0,240.0,LCO
112679,300.0,60.0,240.0,APO
112680,300.0,-60.0,240.0,LCO
112681,300.0,60.0,240.0,APO
112682,300.0,-60.0,300.0,LCO
112683,300.0,60.0,300.0,APO
112684,300.0,-60.0,300.0,LCO
112685,300.0,60.0,300.0,APO
112686,315.0,0.0,0.0,APO
112687,315.0,0.0,0.0,APO
112688,315.0,0.0,60.0,APO
112689,315.0,0.0,60.0,APO
112690,315.0,0.0,120.0,APO
112691,315.0,0.0,120.0,APO
112692,315.0,0.0,180.0,APO
112693,315.0,0.0,180.0,APO
112694,315.0,0.0,240.0,APO
112695,315.0,0.0,240.0,APO
112696,315.0,0.0,300.0,APO
112697,315.0,0.0,300.0,APO
112698,315.0,-20.0,0.0,LCO
112699,315.0,20.0,0.0,APO
112700,315.0,-20.0,0.0,LCO
112701,315.0,20.0,0.0,APO
112702,315.0,-20.0,60.0,LCO
112703,315.0,20.0,60.0,APO
112704,315.0,-20.0,60.0,LCO
112705,315.0,20.0,60.0,APO
112706,315.0,-20.0,120.0,LCO
112707,315.0,20.0,120.0,APO
112708,315.0,-20.0,120.0,LCO
112709,315.0,20.0,120.0,APO
112710,315.0,-20.0,180.0,LCO
112711,315.0,20.0,180.0,APO
112712,315.0,-20.0,180.0,LCO
112713,315.0,20.0,180.0,APO
112714,315.0,-20.0,240.0,LCO
112715,315.0,20.0,240.0,APO
112716,315.0,-20.0,240.0,LCO
112717,315.0,20.0,240.0,APO
112718,315.0,-20.0,300.0,LCO
112719,315.0,20.0,300.0,APO
112720,315.0,-20.0,300.0,LCO
112721,315.0,20.0,300.0,APO
112722,315.0,-40.0,0.0,LCO
112723,315.0,-40.0,0.0,LCO
112724,315.0,-40.0,60.0,LCO
112725,315.0,-40.0,60.0,LCO
112726,315.0,-40.0,120.0,LCO
112727,315.0,-40.0,120.0,LCO
112728,315.0,-40.0,180.0,LCO
112729,315.0,-40.0,180.0,LCO
112730,315.0,-40.0,240.0,LCO
112731,315.0,-40.0,240.0,LCO
112732,315.0,-40.0,300.0,LCO
112733,315.0,-40.0,300.0,LCO
112734,315.0,-60.0,0.0,LCO
112735,315.0,-60.0,0.0,LCO
112736,315.0,-60.0,60.0,LCO
112737,315.0,-60.0,60.0,LCO
112738,315.0,-60.0,120.0,LCO
112739,315.0,-60.0,120.0,LCO
112740,315.0,-60.0,180.0,LCO
112741,315.0,-60.0,180.0,LCO
112742,315.0,-60.0,240.0,LCO
112743,315.0,-60.0,240.0,LCO
112744,315.0,-60.0,300.0,LCO
112745,315.0,-60.0,300.0,LCO
112746,330.0,0.0,0.0,APO
112747,330.0,0.0,0.0,APO
112748,330.0,0.0,60.0,APO
112749,330.0,0.0,60.0,APO
112750,330.0,0.0,120.0,APO
112751,330.0,0.0,120.0,APO
112752,330.0,0.0,180.0,APO
112753,330.0,0.0,180.0,APO
112754,330.0,0.0,240.0,APO
112755,330.0,0.0,240.0,APO
112756,330.0,0.0,300.0,APO
112757,330.0,0.0,300.0,APO
112758,330.0,-20.0,0.0,LCO
112759,330.0,20.0,0.0,APO
112760,330.0,-20.0,0.0,LCO
112761,330.0,20.0,0.0,APO
112762,330.0,-20.0,60.0,LCO
112763,330.0,20.0,60.0,APO
112764,330.0,-20.0,60.0,LCO
112765,330.0,20.0,60.0,APO
112766,330.0,-20.0,120.0,LCO
112767,330.0,20.0,120.0,APO
112768,330.0,-20.0,120.0,LCO
112769,330.0,20.0,120.0,APO
112770,330.0,-20.0,180.0,LCO
112771,330.0,20.0,180.0,APO
112772,330.0,-20.0,180.0,LCO
112773,330.0,20.0,180.0,APO
112774,330.0,-20.0,240.0,LCO
112775,330.0,20.0,240.0,APO
112776,330.0,-20.0,240.0,LCO
112777,330.0,20.0,240.0,APO
112778,330.0,-20.0,300.0,LCO
112779,330.0,20.0,300.0,APO
112780,330.0,-20.0,300.0,LCO
112781,330.0,20.0,300.0,APO
112782,330.0,-40.0,0.0,LCO
112783,330.0,40.0,0.0,APO
112784,330.0,-40.0,0.0,LCO
112785,330.0,40.0,0.0,APO
112786,330.0,-40.0,60.0,LCO
112787,330.0,40.0,60.0,APO
112788,330.0,-40.0,60.0,LCO
112789,330.0,40.0,60.0,APO
112790,330.0,-40.0,120.0,LCO
112791,330.0,40.0,120.0,APO
112792,330.0,-40.0,120.0,LCO
112793,330.0,40.0,120.0,APO
112794,330.0,-40.0,180.0,LCO
112795,330.0,40.0,180.0,APO
112796,330.0,-40.0,180.0,LCO
112797,330.0,40.0,180.0,APO
112798,330.0,-40.0,240.0,LCO
112799,330.0,40.0,240.0,APO
112800,330.0,-40.0,240.0,LCO
112801,330.0,40.0,240.0,APO
112802,330.0,-40.0,300.0,LCO
112803,330.0,40.0,300.0,APO
112804,330.0,-40.0,300.0,LCO
112805,330.0,40.0,300.0,APO
112806,330.0,-60.0,0.0,LCO
112807,330.0,-60.0,0.0,LCO
112808,330.0,-60.0,60.0,LCO
112809,330.0,-60.0,60.0,LCO
112810,330.0,-60.0,120.0,LCO
112811,330.0,-60.0,120.0,LCO
112812,330.0,-60.0,180.0,LCO
112813,330.0,-60.0,180.0,LCO
112814,330.0,-60.0,240.0,LCO
112815,330.0,-60.0,240.0,LCO
112816,330.0,-60.0,300.0,LCO
112817,330.0,-60.0,300.0,LCO
112818,345.0,0.0,0.0,APO
112819,345.0,0.0,0.0,APO
112820,345.0,0.0,60.0,APO
112821,345.0,0.0,60.0,APO
112822,345.0,0.0,120.0,APO
112823,345.0,0.0,120.0,APO
112824,345.0,0.0,180.0,APO
112825,345.0,0.0,180.0,APO
112826,345.0,0.0,240.0,APO
112827,345.0,0.0,240.0,APO
112828,345.0,0.0,300.0,APO
112829,345.0,0.0,300.0,APO
112830,345.0,-20.0,0.0,LCO
112831,345.0,20.0,0.0,APO
112832,345.0,-20.0,0.0,LCO
112833,345.0,20.0,0.0,APO
112834,345.0,-20.0,60.0,LCO
112835,345.0,20.0,60.0,APO
112836,345.0,-20.0,60.0,LCO
112837,345.0,20.0,60.0,APO
112838,345.0,-20.0,120.0,LCO
112839,345.0,20.0,120.0,APO
112840,345.0,-20.0,120.0,LCO
112841,345.0,20.0,120.0,APO
112842,345.0,-20.0,180.0,LCO
112843,345.0,20.0,180.0,APO
112844,345.0,-20.0,180.0,LCO
112845,345.0,20.0,180.0,APO
112846,345.0,-20.0,240.0,LCO
112847,345.0,20.0,240.0,APO
112848,345.0,-20.0,240.0,LCO
112849,345.0,20.0,240.0,APO
112850,345.0,-20.0,300.0,LCO
112851,345.0,20.0,300.0,APO
112852,345.0,-20.0,300.0,LCO
112853,345.0,20.0,300.0,APO
112854,345.0,-40.0,0.0,LCO
112855,345.0,40.0,0.0,APO
112856,345.0,-40.0,0.0,LCO
112857,345.0,40.0,0.0,APO
112858,345.0,-40.0,60.0,LCO
112859,345.0,40.0,60.0,APO
112860,345.0,-40.0,60.0,LCO
112861,345.0,40.0,60.0,APO
112862,345.0,-40.0,120.0,LCO
112863,345.0,40.0,120.0,APO
112864,345.0,-40.0,120.0,LCO
112865,345.0,40.0,120.0,APO
112866,345.0,-40.0,180.0,LCO
112867,345.0,40.0,180.0,APO
112868,345.0,-40.0,180.0,LCO
112869,345.0,40.0,180.0,APO
112870,345.0,-40.0,240.0,LCO
112871,345.0,40.0,240.0,APO
112872,345.0,-40.0,240.0,LCO
112873,345.0,40.0,240.0,APO
112874,345.0,-40.0,300.0,LCO
112875,345.0,40.0,300.0,APO
112876,345.0,-40.0,300.0,LCO
112877,345.0,40.0,300.0,APO
112878,345.0,-60.0,0.0,LCO
112879,345.0,-60.0,0.0,LCO
112880,345.0,-60.0,60.0,LCO
112881,345.0,-60.0,60.0,LCO
112882,345.0,-60.0,120.0,LCO
112883,345.0,-60.0,120.0,LCO
112884,345.0,-60.0,180.0,LCO
112885,345.0,-60.0,180.0,LCO
112886,345.0,-60.0,240.0,LCO
112887,345.0,-60.0,240.0,LCO
112888,345.0,-60.0,300.0,LCO
112889,345.0,-60.0,300.0,LCO
112890,308.0,41.0,0.0,APO
112891,308.0,41.0,0.0,APO
178598,0.0,-29.0,270.0,LCO
178599,15.0,-29.0,270.0,LCO
178600,30.0,-29.0,270.0,LCO
178601,45.0,-29.0,270.0,LCO
178602,60.0,-29.0,270.0,LCO
178603,75.0,-29.0,270.0,LCO
178604,90.0,-29.0,270.0,LCO
178605,105.0,-29.0,270.0,LCO
178606,120.0,-29.0,270.0,LCO
178607,135.0,-29.0,270.0,LCO
178608,150.0,-29.0,270.0,LCO
178609,165.0,-29.0,270.0,LCO
178610,180.0,-29.0,270.0,LCO
178611,195.0,-29.0,270.0,LCO
178612,210.0,-29.0,270.0,LCO
178613,225.0,-29.0,270.0,LCO
178614,240.0,-29.0,270.0,LCO
178615,255.0,-29.0,270.0,LCO
178616,270.0,-29.0,270.0,LCO
178617,285.0,-29.0,270.0,LCO
178618,300.0,-29.0,270.0,LCO
178619,315.0,-29.0,270.0,LCO
178620,330.0,-29.0,270.0,LCO
178621,345.0,-29.0,270.0,LCO
